country_iso,occupation_level,occupation_label,classification_system,wage_value_lcu,wage_value_ppp_intl_usd_monthly,wage_period,year,source,source_url
BGD,1,Managers,ISCO-08 major group,37690.279,1142.46,monthly,2024,Bangladesh Labour Force Survey via ILOSTAT,"https://ilostat.ilo.org/data/ (ILOSTAT indicator: Mean nominal monthly earnings of employees by sex and occupation, ISCO-08)"
BGD,2,Professionals,ISCO-08 major group,23052.79,698.77,monthly,2024,Bangladesh Labour Force Survey via ILOSTAT,"https://ilostat.ilo.org/data/ (ILOSTAT indicator: Mean nominal monthly earnings of employees by sex and occupation, ISCO-08)"
BGD,3,Technicians and associate professionals,ISCO-08 major group,22516.854,682.52,monthly,2024,Bangladesh Labour Force Survey via ILOSTAT,"https://ilostat.ilo.org/data/ (ILOSTAT indicator: Mean nominal monthly earnings of employees by sex and occupation, ISCO-08)"
BGD,4,Clerical support workers,ISCO-08 major group,22677.55,687.4,monthly,2024,Bangladesh Labour Force Survey via ILOSTAT,"https://ilostat.ilo.org/data/ (ILOSTAT indicator: Mean nominal monthly earnings of employees by sex and occupation, ISCO-08)"
BGD,5,Service and sales workers,ISCO-08 major group,14455.173,438.16,monthly,2024,Bangladesh Labour Force Survey via ILOSTAT,"https://ilostat.ilo.org/data/ (ILOSTAT indicator: Mean nominal monthly earnings of employees by sex and occupation, ISCO-08)"
BGD,6,"Skilled agricultural, forestry and fishery workers",ISCO-08 major group,12943.573,392.34,monthly,2024,Bangladesh Labour Force Survey via ILOSTAT,"https://ilostat.ilo.org/data/ (ILOSTAT indicator: Mean nominal monthly earnings of employees by sex and occupation, ISCO-08)"
BGD,7,Craft and related trades workers,ISCO-08 major group,14625.061,443.31,monthly,2024,Bangladesh Labour Force Survey via ILOSTAT,"https://ilostat.ilo.org/data/ (ILOSTAT indicator: Mean nominal monthly earnings of employees by sex and occupation, ISCO-08)"
BGD,8,Plant and machine operators and assemblers,ISCO-08 major group,15503.69,469.94,monthly,2024,Bangladesh Labour Force Survey via ILOSTAT,"https://ilostat.ilo.org/data/ (ILOSTAT indicator: Mean nominal monthly earnings of employees by sex and occupation, ISCO-08)"
BGD,9,Elementary occupations (laborers),ISCO-08 major group,10647.292,322.74,monthly,2024,Bangladesh Labour Force Survey via ILOSTAT,"https://ilostat.ilo.org/data/ (ILOSTAT indicator: Mean nominal monthly earnings of employees by sex and occupation, ISCO-08)"
BRA,1,Managers,ISCO-08 major group,8000.588,3099.21,monthly,2025,Brazil Pesquisa Nacional por Amostra de Domicílios Contínua via ILOSTAT,"https://ilostat.ilo.org/data/ (ILOSTAT indicator: Mean nominal monthly earnings of employees by sex and occupation, ISCO-08)"
BRA,2,Professionals,ISCO-08 major group,6551.792,2537.99,monthly,2025,Brazil Pesquisa Nacional por Amostra de Domicílios Contínua via ILOSTAT,"https://ilostat.ilo.org/data/ (ILOSTAT indicator: Mean nominal monthly earnings of employees by sex and occupation, ISCO-08)"
BRA,3,Technicians and associate professionals,ISCO-08 major group,4332.045,1678.12,monthly,2025,Brazil Pesquisa Nacional por Amostra de Domicílios Contínua via ILOSTAT,"https://ilostat.ilo.org/data/ (ILOSTAT indicator: Mean nominal monthly earnings of employees by sex and occupation, ISCO-08)"
BRA,4,Clerical support workers,ISCO-08 major group,2762.833,1070.25,monthly,2025,Brazil Pesquisa Nacional por Amostra de Domicílios Contínua via ILOSTAT,"https://ilostat.ilo.org/data/ (ILOSTAT indicator: Mean nominal monthly earnings of employees by sex and occupation, ISCO-08)"
BRA,5,Service and sales workers,ISCO-08 major group,2302.446,891.91,monthly,2025,Brazil Pesquisa Nacional por Amostra de Domicílios Contínua via ILOSTAT,"https://ilostat.ilo.org/data/ (ILOSTAT indicator: Mean nominal monthly earnings of employees by sex and occupation, ISCO-08)"
BRA,6,"Skilled agricultural, forestry and fishery workers",ISCO-08 major group,1981.89,767.73,monthly,2025,Brazil Pesquisa Nacional por Amostra de Domicílios Contínua via ILOSTAT,"https://ilostat.ilo.org/data/ (ILOSTAT indicator: Mean nominal monthly earnings of employees by sex and occupation, ISCO-08)"
BRA,7,Craft and related trades workers,ISCO-08 major group,2642.699,1023.71,monthly,2025,Brazil Pesquisa Nacional por Amostra de Domicílios Contínua via ILOSTAT,"https://ilostat.ilo.org/data/ (ILOSTAT indicator: Mean nominal monthly earnings of employees by sex and occupation, ISCO-08)"
BRA,8,Plant and machine operators and assemblers,ISCO-08 major group,2809.373,1088.28,monthly,2025,Brazil Pesquisa Nacional por Amostra de Domicílios Contínua via ILOSTAT,"https://ilostat.ilo.org/data/ (ILOSTAT indicator: Mean nominal monthly earnings of employees by sex and occupation, ISCO-08)"
BRA,9,Elementary occupations (laborers),ISCO-08 major group,1624.751,629.38,monthly,2025,Brazil Pesquisa Nacional por Amostra de Domicílios Contínua via ILOSTAT,"https://ilostat.ilo.org/data/ (ILOSTAT indicator: Mean nominal monthly earnings of employees by sex and occupation, ISCO-08)"
CHN,1,Middle management and above -> mapped to: Managers (approx.),"GB/T 2260 macro category (China, NOT directly ISCO-comparable, approximate mapping)",16917.83,4798.87,monthly (converted from annual/12),2024,China National Bureau of Statistics urban employee wage survey by employment tier,https://www.stats.gov.cn/english/PressRelease/202505/t20250520_1959885.html
CHN,2,Professional and technical personnel -> mapped to: Professionals (approx.),"GB/T 2260 macro category (China, NOT directly ISCO-comparable, approximate mapping)",12337.17,3499.53,monthly (converted from annual/12),2024,China National Bureau of Statistics urban employee wage survey by employment tier,https://www.stats.gov.cn/english/PressRelease/202505/t20250520_1959885.html
CHN,4,Office staff and related personnel -> mapped to: Clerical support workers (approx.),"GB/T 2260 macro category (China, NOT directly ISCO-comparable, approximate mapping)",7765.75,2202.81,monthly (converted from annual/12),2024,China National Bureau of Statistics urban employee wage survey by employment tier,https://www.stats.gov.cn/english/PressRelease/202505/t20250520_1959885.html
CHN,5,Personnel engaged in social production services and life services -> mapped to: Service and sales workers (approx.),"GB/T 2260 macro category (China, NOT directly ISCO-comparable, approximate mapping)",6465.33,1833.94,monthly (converted from annual/12),2024,China National Bureau of Statistics urban employee wage survey by employment tier,https://www.stats.gov.cn/english/PressRelease/202505/t20250520_1959885.html
CHN,8,Personnel engaged in production and manufacturing -> mapped to: Plant/machine operators & craft workers (approx.),"GB/T 2260 macro category (China, NOT directly ISCO-comparable, approximate mapping)",6546.75,1857.03,monthly (converted from annual/12),2024,China National Bureau of Statistics urban employee wage survey by employment tier,https://www.stats.gov.cn/english/PressRelease/202505/t20250520_1959885.html
COL,1,Managers,ISCO-08 major group,3527583.622,2117.91,monthly,2025,Colombia Gran Encuesta Integrada de Hogares via ILOSTAT,"https://ilostat.ilo.org/data/ (ILOSTAT indicator: Mean nominal monthly earnings of employees by sex and occupation, ISCO-08)"
COL,2,Professionals,ISCO-08 major group,3858795.811,2316.77,monthly,2025,Colombia Gran Encuesta Integrada de Hogares via ILOSTAT,"https://ilostat.ilo.org/data/ (ILOSTAT indicator: Mean nominal monthly earnings of employees by sex and occupation, ISCO-08)"
COL,3,Technicians and associate professionals,ISCO-08 major group,2513615.361,1509.14,monthly,2025,Colombia Gran Encuesta Integrada de Hogares via ILOSTAT,"https://ilostat.ilo.org/data/ (ILOSTAT indicator: Mean nominal monthly earnings of employees by sex and occupation, ISCO-08)"
COL,4,Clerical support workers,ISCO-08 major group,1878418.172,1127.78,monthly,2025,Colombia Gran Encuesta Integrada de Hogares via ILOSTAT,"https://ilostat.ilo.org/data/ (ILOSTAT indicator: Mean nominal monthly earnings of employees by sex and occupation, ISCO-08)"
COL,5,Service and sales workers,ISCO-08 major group,1537543.204,923.12,monthly,2025,Colombia Gran Encuesta Integrada de Hogares via ILOSTAT,"https://ilostat.ilo.org/data/ (ILOSTAT indicator: Mean nominal monthly earnings of employees by sex and occupation, ISCO-08)"
COL,6,"Skilled agricultural, forestry and fishery workers",ISCO-08 major group,1358444.865,815.59,monthly,2025,Colombia Gran Encuesta Integrada de Hogares via ILOSTAT,"https://ilostat.ilo.org/data/ (ILOSTAT indicator: Mean nominal monthly earnings of employees by sex and occupation, ISCO-08)"
COL,7,Craft and related trades workers,ISCO-08 major group,1584285.62,951.18,monthly,2025,Colombia Gran Encuesta Integrada de Hogares via ILOSTAT,"https://ilostat.ilo.org/data/ (ILOSTAT indicator: Mean nominal monthly earnings of employees by sex and occupation, ISCO-08)"
COL,8,Plant and machine operators and assemblers,ISCO-08 major group,1684184.943,1011.16,monthly,2025,Colombia Gran Encuesta Integrada de Hogares via ILOSTAT,"https://ilostat.ilo.org/data/ (ILOSTAT indicator: Mean nominal monthly earnings of employees by sex and occupation, ISCO-08)"
COL,9,Elementary occupations (laborers),ISCO-08 major group,1260127.889,756.56,monthly,2025,Colombia Gran Encuesta Integrada de Hogares via ILOSTAT,"https://ilostat.ilo.org/data/ (ILOSTAT indicator: Mean nominal monthly earnings of employees by sex and occupation, ISCO-08)"
FRA,1,Managers,ISCO-08 major group,3692.75,5150.75,monthly,2024,France Enquête sur l'emploi via ILOSTAT,"https://ilostat.ilo.org/data/ (ILOSTAT indicator: Mean nominal monthly earnings of employees by sex and occupation, ISCO-08)"
FRA,2,Professionals,ISCO-08 major group,2913.402,4063.7,monthly,2024,France Enquête sur l'emploi via ILOSTAT,"https://ilostat.ilo.org/data/ (ILOSTAT indicator: Mean nominal monthly earnings of employees by sex and occupation, ISCO-08)"
FRA,3,Technicians and associate professionals,ISCO-08 major group,2167.007,3022.6,monthly,2024,France Enquête sur l'emploi via ILOSTAT,"https://ilostat.ilo.org/data/ (ILOSTAT indicator: Mean nominal monthly earnings of employees by sex and occupation, ISCO-08)"
FRA,4,Clerical support workers,ISCO-08 major group,1807.493,2521.14,monthly,2024,France Enquête sur l'emploi via ILOSTAT,"https://ilostat.ilo.org/data/ (ILOSTAT indicator: Mean nominal monthly earnings of employees by sex and occupation, ISCO-08)"
FRA,5,Service and sales workers,ISCO-08 major group,1585.524,2211.53,monthly,2024,France Enquête sur l'emploi via ILOSTAT,"https://ilostat.ilo.org/data/ (ILOSTAT indicator: Mean nominal monthly earnings of employees by sex and occupation, ISCO-08)"
FRA,6,"Skilled agricultural, forestry and fishery workers",ISCO-08 major group,1483.197,2068.81,monthly,2024,France Enquête sur l'emploi via ILOSTAT,"https://ilostat.ilo.org/data/ (ILOSTAT indicator: Mean nominal monthly earnings of employees by sex and occupation, ISCO-08)"
FRA,7,Craft and related trades workers,ISCO-08 major group,1991.229,2777.42,monthly,2024,France Enquête sur l'emploi via ILOSTAT,"https://ilostat.ilo.org/data/ (ILOSTAT indicator: Mean nominal monthly earnings of employees by sex and occupation, ISCO-08)"
FRA,8,Plant and machine operators and assemblers,ISCO-08 major group,1921.785,2680.56,monthly,2024,France Enquête sur l'emploi via ILOSTAT,"https://ilostat.ilo.org/data/ (ILOSTAT indicator: Mean nominal monthly earnings of employees by sex and occupation, ISCO-08)"
FRA,9,Elementary occupations (laborers),ISCO-08 major group,1303.92,1818.74,monthly,2024,France Enquête sur l'emploi via ILOSTAT,"https://ilostat.ilo.org/data/ (ILOSTAT indicator: Mean nominal monthly earnings of employees by sex and occupation, ISCO-08)"
GBR,1,Managers,ISCO-08 major group,4576.209,4384.31,monthly,2025,UK Labour Force Survey via ILOSTAT,"https://ilostat.ilo.org/data/ (ILOSTAT indicator: Mean nominal monthly earnings of employees by sex and occupation, ISCO-08)"
GBR,2,Professionals,ISCO-08 major group,3870.987,3708.66,monthly,2025,UK Labour Force Survey via ILOSTAT,"https://ilostat.ilo.org/data/ (ILOSTAT indicator: Mean nominal monthly earnings of employees by sex and occupation, ISCO-08)"
GBR,3,Technicians and associate professionals,ISCO-08 major group,3167.988,3035.14,monthly,2025,UK Labour Force Survey via ILOSTAT,"https://ilostat.ilo.org/data/ (ILOSTAT indicator: Mean nominal monthly earnings of employees by sex and occupation, ISCO-08)"
GBR,4,Clerical support workers,ISCO-08 major group,2280.333,2184.71,monthly,2025,UK Labour Force Survey via ILOSTAT,"https://ilostat.ilo.org/data/ (ILOSTAT indicator: Mean nominal monthly earnings of employees by sex and occupation, ISCO-08)"
GBR,5,Service and sales workers,ISCO-08 major group,1953.373,1871.46,monthly,2025,UK Labour Force Survey via ILOSTAT,"https://ilostat.ilo.org/data/ (ILOSTAT indicator: Mean nominal monthly earnings of employees by sex and occupation, ISCO-08)"
GBR,6,"Skilled agricultural, forestry and fishery workers",ISCO-08 major group,2151.672,2061.44,monthly,2025,UK Labour Force Survey via ILOSTAT,"https://ilostat.ilo.org/data/ (ILOSTAT indicator: Mean nominal monthly earnings of employees by sex and occupation, ISCO-08)"
GBR,7,Craft and related trades workers,ISCO-08 major group,2973.693,2848.99,monthly,2025,UK Labour Force Survey via ILOSTAT,"https://ilostat.ilo.org/data/ (ILOSTAT indicator: Mean nominal monthly earnings of employees by sex and occupation, ISCO-08)"
GBR,8,Plant and machine operators and assemblers,ISCO-08 major group,2732.589,2618,monthly,2025,UK Labour Force Survey via ILOSTAT,"https://ilostat.ilo.org/data/ (ILOSTAT indicator: Mean nominal monthly earnings of employees by sex and occupation, ISCO-08)"
GBR,9,Elementary occupations (laborers),ISCO-08 major group,1503.749,1440.69,monthly,2025,UK Labour Force Survey via ILOSTAT,"https://ilostat.ilo.org/data/ (ILOSTAT indicator: Mean nominal monthly earnings of employees by sex and occupation, ISCO-08)"
MEX,1,Managers,ISCO-08 major group,22793.738,1960.78,monthly,2025,Mexico Encuesta Nacional de Ocupación y Empleo via ILOSTAT,"https://ilostat.ilo.org/data/ (ILOSTAT indicator: Mean nominal monthly earnings of employees by sex and occupation, ISCO-08)"
MEX,2,Professionals,ISCO-08 major group,18233.492,1533.28,monthly,2025,Mexico Encuesta Nacional de Ocupación y Empleo via ILOSTAT,"https://ilostat.ilo.org/data/ (ILOSTAT indicator: Mean nominal monthly earnings of employees by sex and occupation, ISCO-08)"
MEX,3,Technicians and associate professionals,ISCO-08 major group,14335.22,1215.49,monthly,2025,Mexico Encuesta Nacional de Ocupación y Empleo via ILOSTAT,"https://ilostat.ilo.org/data/ (ILOSTAT indicator: Mean nominal monthly earnings of employees by sex and occupation, ISCO-08)"
MEX,4,Clerical support workers,ISCO-08 major group,12223.874,1030.97,monthly,2025,Mexico Encuesta Nacional de Ocupación y Empleo via ILOSTAT,"https://ilostat.ilo.org/data/ (ILOSTAT indicator: Mean nominal monthly earnings of employees by sex and occupation, ISCO-08)"
MEX,5,Service and sales workers,ISCO-08 major group,9412.394,783.63,monthly,2025,Mexico Encuesta Nacional de Ocupación y Empleo via ILOSTAT,"https://ilostat.ilo.org/data/ (ILOSTAT indicator: Mean nominal monthly earnings of employees by sex and occupation, ISCO-08)"
MEX,6,"Skilled agricultural, forestry and fishery workers",ISCO-08 major group,8485.572,673.08,monthly,2025,Mexico Encuesta Nacional de Ocupación y Empleo via ILOSTAT,"https://ilostat.ilo.org/data/ (ILOSTAT indicator: Mean nominal monthly earnings of employees by sex and occupation, ISCO-08)"
MEX,7,Craft and related trades workers,ISCO-08 major group,11599.042,979.41,monthly,2025,Mexico Encuesta Nacional de Ocupación y Empleo via ILOSTAT,"https://ilostat.ilo.org/data/ (ILOSTAT indicator: Mean nominal monthly earnings of employees by sex and occupation, ISCO-08)"
MEX,8,Plant and machine operators and assemblers,ISCO-08 major group,11836.741,989.1,monthly,2025,Mexico Encuesta Nacional de Ocupación y Empleo via ILOSTAT,"https://ilostat.ilo.org/data/ (ILOSTAT indicator: Mean nominal monthly earnings of employees by sex and occupation, ISCO-08)"
MEX,9,Elementary occupations (laborers),ISCO-08 major group,7544.09,624.05,monthly,2025,Mexico Encuesta Nacional de Ocupación y Empleo via ILOSTAT,"https://ilostat.ilo.org/data/ (ILOSTAT indicator: Mean nominal monthly earnings of employees by sex and occupation, ISCO-08)"
NOR,1,Managers,ISCO-08 major group,8816.52,9174.99,monthly,2024,Statistics Norway / EU-SILC via ILOSTAT,"https://ilostat.ilo.org/data/ (ILOSTAT indicator: Mean nominal monthly earnings of employees by sex and occupation, ISCO-08)"
NOR,2,Professionals,ISCO-08 major group,6180.189,6431.47,monthly,2024,Statistics Norway / EU-SILC via ILOSTAT,"https://ilostat.ilo.org/data/ (ILOSTAT indicator: Mean nominal monthly earnings of employees by sex and occupation, ISCO-08)"
NOR,3,Technicians and associate professionals,ISCO-08 major group,6278.129,6533.39,monthly,2024,Statistics Norway / EU-SILC via ILOSTAT,"https://ilostat.ilo.org/data/ (ILOSTAT indicator: Mean nominal monthly earnings of employees by sex and occupation, ISCO-08)"
NOR,4,Clerical support workers,ISCO-08 major group,4464.454,4645.97,monthly,2024,Statistics Norway / EU-SILC via ILOSTAT,"https://ilostat.ilo.org/data/ (ILOSTAT indicator: Mean nominal monthly earnings of employees by sex and occupation, ISCO-08)"
NOR,5,Service and sales workers,ISCO-08 major group,3367.854,3504.79,monthly,2024,Statistics Norway / EU-SILC via ILOSTAT,"https://ilostat.ilo.org/data/ (ILOSTAT indicator: Mean nominal monthly earnings of employees by sex and occupation, ISCO-08)"
NOR,6,"Skilled agricultural, forestry and fishery workers",ISCO-08 major group,3297.425,3431.49,monthly,2024,Statistics Norway / EU-SILC via ILOSTAT,"https://ilostat.ilo.org/data/ (ILOSTAT indicator: Mean nominal monthly earnings of employees by sex and occupation, ISCO-08)"
NOR,7,Craft and related trades workers,ISCO-08 major group,4890.894,5089.75,monthly,2024,Statistics Norway / EU-SILC via ILOSTAT,"https://ilostat.ilo.org/data/ (ILOSTAT indicator: Mean nominal monthly earnings of employees by sex and occupation, ISCO-08)"
NOR,8,Plant and machine operators and assemblers,ISCO-08 major group,4914.935,5114.77,monthly,2024,Statistics Norway / EU-SILC via ILOSTAT,"https://ilostat.ilo.org/data/ (ILOSTAT indicator: Mean nominal monthly earnings of employees by sex and occupation, ISCO-08)"
NOR,9,Elementary occupations (laborers),ISCO-08 major group,3318.175,3453.09,monthly,2024,Statistics Norway / EU-SILC via ILOSTAT,"https://ilostat.ilo.org/data/ (ILOSTAT indicator: Mean nominal monthly earnings of employees by sex and occupation, ISCO-08)"
RUS,0,"Chief executives, senior officials and legislators (CEO/Top Executive)",OKZ sub-major group 11,228821.0,7881.39,monthly,2023,Rosstat biennial occupation wage survey (57-T),https://rosstat.gov.ru/storage/mediabank/sved_57-t_2023.rar
RUS,1,Managers,OKZ major group (Russian ISCO-08 adaptation),177990.0,6130.59,monthly,2025,Rosstat biennial occupation wage survey (57-T),https://rosstat.gov.ru/storage/mediabank/sved_57-t_2025.rar
RUS,2,Professionals,OKZ major group (Russian ISCO-08 adaptation),102998.0,3547.61,monthly,2025,Rosstat biennial occupation wage survey (57-T),https://rosstat.gov.ru/storage/mediabank/sved_57-t_2025.rar
RUS,3,Technicians and associate professionals,OKZ major group (Russian ISCO-08 adaptation),85722.0,2952.56,monthly,2025,Rosstat biennial occupation wage survey (57-T),https://rosstat.gov.ru/storage/mediabank/sved_57-t_2025.rar
RUS,4,Clerical support workers,OKZ major group (Russian ISCO-08 adaptation),64878.0,2234.62,monthly,2025,Rosstat biennial occupation wage survey (57-T),https://rosstat.gov.ru/storage/mediabank/sved_57-t_2025.rar
RUS,5,Service and sales workers,OKZ major group (Russian ISCO-08 adaptation),59516.0,2049.94,monthly,2025,Rosstat biennial occupation wage survey (57-T),https://rosstat.gov.ru/storage/mediabank/sved_57-t_2025.rar
RUS,6,"Skilled agricultural, forestry and fishery workers",OKZ major group (Russian ISCO-08 adaptation),69349.0,2388.62,monthly,2025,Rosstat biennial occupation wage survey (57-T),https://rosstat.gov.ru/storage/mediabank/sved_57-t_2025.rar
RUS,7,Craft and related trades workers,OKZ major group (Russian ISCO-08 adaptation),98120.0,3379.59,monthly,2025,Rosstat biennial occupation wage survey (57-T),https://rosstat.gov.ru/storage/mediabank/sved_57-t_2025.rar
RUS,8,Plant and machine operators and assemblers,OKZ major group (Russian ISCO-08 adaptation),97921.0,3372.74,monthly,2025,Rosstat biennial occupation wage survey (57-T),https://rosstat.gov.ru/storage/mediabank/sved_57-t_2025.rar
RUS,9,Elementary occupations (laborers),OKZ major group (Russian ISCO-08 adaptation),52067.0,1793.37,monthly,2025,Rosstat biennial occupation wage survey (57-T),https://rosstat.gov.ru/storage/mediabank/sved_57-t_2025.rar
USA,1,Managers,ISCO-08 major group,10342.447,10342.45,monthly,2025,US Current Population Survey via ILOSTAT,"https://ilostat.ilo.org/data/ (ILOSTAT indicator: Mean nominal monthly earnings of employees by sex and occupation, ISCO-08)"
USA,2,Professionals,ISCO-08 major group,8638.146,8638.15,monthly,2025,US Current Population Survey via ILOSTAT,"https://ilostat.ilo.org/data/ (ILOSTAT indicator: Mean nominal monthly earnings of employees by sex and occupation, ISCO-08)"
USA,3,Technicians and associate professionals,ISCO-08 major group,6509.175,6509.18,monthly,2025,US Current Population Survey via ILOSTAT,"https://ilostat.ilo.org/data/ (ILOSTAT indicator: Mean nominal monthly earnings of employees by sex and occupation, ISCO-08)"
USA,4,Clerical support workers,ISCO-08 major group,4486.98,4486.98,monthly,2025,US Current Population Survey via ILOSTAT,"https://ilostat.ilo.org/data/ (ILOSTAT indicator: Mean nominal monthly earnings of employees by sex and occupation, ISCO-08)"
USA,5,Service and sales workers,ISCO-08 major group,3698.803,3698.8,monthly,2025,US Current Population Survey via ILOSTAT,"https://ilostat.ilo.org/data/ (ILOSTAT indicator: Mean nominal monthly earnings of employees by sex and occupation, ISCO-08)"
USA,6,"Skilled agricultural, forestry and fishery workers",ISCO-08 major group,3565.182,3565.18,monthly,2025,US Current Population Survey via ILOSTAT,"https://ilostat.ilo.org/data/ (ILOSTAT indicator: Mean nominal monthly earnings of employees by sex and occupation, ISCO-08)"
USA,7,Craft and related trades workers,ISCO-08 major group,5381.995,5381.99,monthly,2025,US Current Population Survey via ILOSTAT,"https://ilostat.ilo.org/data/ (ILOSTAT indicator: Mean nominal monthly earnings of employees by sex and occupation, ISCO-08)"
USA,8,Plant and machine operators and assemblers,ISCO-08 major group,4735.723,4735.72,monthly,2025,US Current Population Survey via ILOSTAT,"https://ilostat.ilo.org/data/ (ILOSTAT indicator: Mean nominal monthly earnings of employees by sex and occupation, ISCO-08)"
USA,9,Elementary occupations (laborers),ISCO-08 major group,3623.476,3623.48,monthly,2025,US Current Population Survey via ILOSTAT,"https://ilostat.ilo.org/data/ (ILOSTAT indicator: Mean nominal monthly earnings of employees by sex and occupation, ISCO-08)"
USA,0,"Chief Executives (SOC 11-1011, median)","US SOC 2018, BLS OEWS",17201.67,17201.67,monthly (converted from annual median/12),2024,"US Bureau of Labor Statistics, Occupational Outlook Handbook (quoting OEWS)",https://www.bls.gov/ooh/management/top-executives.htm
GBR,0,"Chief executives and senior officials (SOC 2020 1111, median, full-time)","UK SOC 2020, ONS ASHE",8328.67,12540.28,monthly (converted from annual median/12),2025 (provisional),"UK Office for National Statistics, ASHE Table 14.7a",https://www.ons.gov.uk/employmentandlabourmarket/peopleinwork/earningsandworkinghours/datasets/occupation4digitsoc2010ashetable14
FRA,0,"Cadres dirigeants et dirigeants salaries (mean, NET pay - not directly comparable to gross figures)",French PCS 37/38 executive sub-categories,8010,11757.99,"monthly (net, FTE)",2023,"INSEE, Salaires des cadres dirigeants et des dirigeants salaries",https://www.insee.fr/fr/statistiques/2381342
NOR,0,"Administrerende direktorer / Managing directors (STYRK-08 1120, mean)",Norwegian STYRK-08 (ISCO-08 adaptation),108510,11869.21,monthly,2025,"Statistics Norway (SSB), occupational wage statistics",https://www.ssb.no/arbeid-og-lonn/lonn-og-arbeidskraftkostnader/artikler/hva-er-vanlig-lonn-i-norge
RUS,0,"Chief executives, senior officials and legislators (OKZ sub-major 11)",Russian OKZ (ISCO-08 adaptation),228821.0,7881.39,monthly,2023,Rosstat biennial occupation wage survey (57-T),https://rosstat.gov.ru/storage/mediabank/sved_57-t_2023.rar
MEX,0,"Funcionarios y Altas Autoridades (SINCO group 11) - broader than CEO, includes public officials; NOTE: below Managers figure due to mix effect","Mexican SINCO classification, ENOE-based",15100,1522.71,monthly (average),2026 Q1,"Data Mexico, Secretaria de Economia (ENOE-based)",https://economia.gob.mx/datamexico/es/profile/occupation/funcionarios-y-altas-autoridades-de-los-sectores-publico-privado-y-social
BRA,0,"Diretor geral de empresa e organizacoes (CBO 1210-10, mean) - NON-OFFICIAL aggregator using government CAGED administrative data, formal sector only","Brazilian CBO, Portal Salario aggregator (Novo CAGED microdata)",21753.72,8758.56,"monthly (mean, formal CLT employees)",2024/2025,"Portal Salario (non-official, based on Brazilian Ministry of Labor Novo CAGED administrative records)",https://www.salario.com.br/ocupacao/cargos/cbo-121010-cargos/
