admin_code,admin_level,region_name_en,region_name_ja,country_iso,region_block,occupation_category,occupation_code,occupation_level,wage_value,wage_unit,currency,wage_measure,year,population,parent_admin_code,classification_system,data_availability,source,last_updated
JP-NAT,0,National,全国,JP,,Total,,total,359.6,thousand_yen_per_month,JPY,contractual_cash_earnings,2024,,,,national,https://www.e-stat.go.jp/stat-search/file-download?statInfId=000040247959&fileKind=4,2025-03-17
JP-NAT,0,National,全国,JP,,Total,,total,330.4,thousand_yen_per_month,JPY,scheduled_cash_earnings,2024,,,,national,https://www.e-stat.go.jp/stat-search/file-download?statInfId=000040247959&fileKind=4,2025-03-17
JP-NAT,0,National,全国,JP,,Total,,total,954.7,thousand_yen_per_month,JPY,annual_special_cash_earnings,2024,,,,national,https://www.e-stat.go.jp/stat-search/file-download?statInfId=000040247959&fileKind=4,2025-03-17
01,1,Hokkaido,北海道,JP,Hokkaido,Total,,total,310.3,thousand_yen_per_month,JPY,contractual_cash_earnings,2024,,JP-NAT,JIS_X_0401,prefecture,https://www.e-stat.go.jp/stat-search/file-download?statInfId=000040247959&fileKind=4,2025-03-17
01,1,Hokkaido,北海道,JP,Hokkaido,Total,,total,288.5,thousand_yen_per_month,JPY,scheduled_cash_earnings,2024,,JP-NAT,JIS_X_0401,prefecture,https://www.e-stat.go.jp/stat-search/file-download?statInfId=000040247959&fileKind=4,2025-03-17
01,1,Hokkaido,北海道,JP,Hokkaido,Total,,total,722.5,thousand_yen_per_month,JPY,annual_special_cash_earnings,2024,,JP-NAT,JIS_X_0401,prefecture,https://www.e-stat.go.jp/stat-search/file-download?statInfId=000040247959&fileKind=4,2025-03-17
02,1,Aomori,青森県,JP,Tohoku,Total,,total,283,thousand_yen_per_month,JPY,contractual_cash_earnings,2024,,JP-NAT,JIS_X_0401,prefecture,https://www.e-stat.go.jp/stat-search/file-download?statInfId=000040247959&fileKind=4,2025-03-17
02,1,Aomori,青森県,JP,Tohoku,Total,,total,259.9,thousand_yen_per_month,JPY,scheduled_cash_earnings,2024,,JP-NAT,JIS_X_0401,prefecture,https://www.e-stat.go.jp/stat-search/file-download?statInfId=000040247959&fileKind=4,2025-03-17
02,1,Aomori,青森県,JP,Tohoku,Total,,total,642.8,thousand_yen_per_month,JPY,annual_special_cash_earnings,2024,,JP-NAT,JIS_X_0401,prefecture,https://www.e-stat.go.jp/stat-search/file-download?statInfId=000040247959&fileKind=4,2025-03-17
03,1,Iwate,岩手県,JP,Tohoku,Total,,total,287.6,thousand_yen_per_month,JPY,contractual_cash_earnings,2024,,JP-NAT,JIS_X_0401,prefecture,https://www.e-stat.go.jp/stat-search/file-download?statInfId=000040247959&fileKind=4,2025-03-17
03,1,Iwate,岩手県,JP,Tohoku,Total,,total,267,thousand_yen_per_month,JPY,scheduled_cash_earnings,2024,,JP-NAT,JIS_X_0401,prefecture,https://www.e-stat.go.jp/stat-search/file-download?statInfId=000040247959&fileKind=4,2025-03-17
03,1,Iwate,岩手県,JP,Tohoku,Total,,total,717.5,thousand_yen_per_month,JPY,annual_special_cash_earnings,2024,,JP-NAT,JIS_X_0401,prefecture,https://www.e-stat.go.jp/stat-search/file-download?statInfId=000040247959&fileKind=4,2025-03-17
04,1,Miyagi,宮城県,JP,Tohoku,Total,,total,325.1,thousand_yen_per_month,JPY,contractual_cash_earnings,2024,,JP-NAT,JIS_X_0401,prefecture,https://www.e-stat.go.jp/stat-search/file-download?statInfId=000040247959&fileKind=4,2025-03-17
04,1,Miyagi,宮城県,JP,Tohoku,Total,,total,298.1,thousand_yen_per_month,JPY,scheduled_cash_earnings,2024,,JP-NAT,JIS_X_0401,prefecture,https://www.e-stat.go.jp/stat-search/file-download?statInfId=000040247959&fileKind=4,2025-03-17
04,1,Miyagi,宮城県,JP,Tohoku,Total,,total,829.2,thousand_yen_per_month,JPY,annual_special_cash_earnings,2024,,JP-NAT,JIS_X_0401,prefecture,https://www.e-stat.go.jp/stat-search/file-download?statInfId=000040247959&fileKind=4,2025-03-17
05,1,Akita,秋田県,JP,Tohoku,Total,,total,284.9,thousand_yen_per_month,JPY,contractual_cash_earnings,2024,,JP-NAT,JIS_X_0401,prefecture,https://www.e-stat.go.jp/stat-search/file-download?statInfId=000040247959&fileKind=4,2025-03-17
05,1,Akita,秋田県,JP,Tohoku,Total,,total,265.5,thousand_yen_per_month,JPY,scheduled_cash_earnings,2024,,JP-NAT,JIS_X_0401,prefecture,https://www.e-stat.go.jp/stat-search/file-download?statInfId=000040247959&fileKind=4,2025-03-17
05,1,Akita,秋田県,JP,Tohoku,Total,,total,662.8,thousand_yen_per_month,JPY,annual_special_cash_earnings,2024,,JP-NAT,JIS_X_0401,prefecture,https://www.e-stat.go.jp/stat-search/file-download?statInfId=000040247959&fileKind=4,2025-03-17
06,1,Yamagata,山形県,JP,Tohoku,Total,,total,294,thousand_yen_per_month,JPY,contractual_cash_earnings,2024,,JP-NAT,JIS_X_0401,prefecture,https://www.e-stat.go.jp/stat-search/file-download?statInfId=000040247959&fileKind=4,2025-03-17
06,1,Yamagata,山形県,JP,Tohoku,Total,,total,272.4,thousand_yen_per_month,JPY,scheduled_cash_earnings,2024,,JP-NAT,JIS_X_0401,prefecture,https://www.e-stat.go.jp/stat-search/file-download?statInfId=000040247959&fileKind=4,2025-03-17
06,1,Yamagata,山形県,JP,Tohoku,Total,,total,733.3,thousand_yen_per_month,JPY,annual_special_cash_earnings,2024,,JP-NAT,JIS_X_0401,prefecture,https://www.e-stat.go.jp/stat-search/file-download?statInfId=000040247959&fileKind=4,2025-03-17
07,1,Fukushima,福島県,JP,Tohoku,Total,,total,301.6,thousand_yen_per_month,JPY,contractual_cash_earnings,2024,,JP-NAT,JIS_X_0401,prefecture,https://www.e-stat.go.jp/stat-search/file-download?statInfId=000040247959&fileKind=4,2025-03-17
07,1,Fukushima,福島県,JP,Tohoku,Total,,total,276.3,thousand_yen_per_month,JPY,scheduled_cash_earnings,2024,,JP-NAT,JIS_X_0401,prefecture,https://www.e-stat.go.jp/stat-search/file-download?statInfId=000040247959&fileKind=4,2025-03-17
07,1,Fukushima,福島県,JP,Tohoku,Total,,total,705.8,thousand_yen_per_month,JPY,annual_special_cash_earnings,2024,,JP-NAT,JIS_X_0401,prefecture,https://www.e-stat.go.jp/stat-search/file-download?statInfId=000040247959&fileKind=4,2025-03-17
08,1,Ibaraki,茨城県,JP,Kanto,Total,,total,342.6,thousand_yen_per_month,JPY,contractual_cash_earnings,2024,,JP-NAT,JIS_X_0401,prefecture,https://www.e-stat.go.jp/stat-search/file-download?statInfId=000040247959&fileKind=4,2025-03-17
08,1,Ibaraki,茨城県,JP,Kanto,Total,,total,312.5,thousand_yen_per_month,JPY,scheduled_cash_earnings,2024,,JP-NAT,JIS_X_0401,prefecture,https://www.e-stat.go.jp/stat-search/file-download?statInfId=000040247959&fileKind=4,2025-03-17
08,1,Ibaraki,茨城県,JP,Kanto,Total,,total,906.4,thousand_yen_per_month,JPY,annual_special_cash_earnings,2024,,JP-NAT,JIS_X_0401,prefecture,https://www.e-stat.go.jp/stat-search/file-download?statInfId=000040247959&fileKind=4,2025-03-17
09,1,Tochigi,栃木県,JP,Kanto,Total,,total,346.3,thousand_yen_per_month,JPY,contractual_cash_earnings,2024,,JP-NAT,JIS_X_0401,prefecture,https://www.e-stat.go.jp/stat-search/file-download?statInfId=000040247959&fileKind=4,2025-03-17
09,1,Tochigi,栃木県,JP,Kanto,Total,,total,314.4,thousand_yen_per_month,JPY,scheduled_cash_earnings,2024,,JP-NAT,JIS_X_0401,prefecture,https://www.e-stat.go.jp/stat-search/file-download?statInfId=000040247959&fileKind=4,2025-03-17
09,1,Tochigi,栃木県,JP,Kanto,Total,,total,825.3,thousand_yen_per_month,JPY,annual_special_cash_earnings,2024,,JP-NAT,JIS_X_0401,prefecture,https://www.e-stat.go.jp/stat-search/file-download?statInfId=000040247959&fileKind=4,2025-03-17
10,1,Gunma,群馬県,JP,Kanto,Total,,total,334.6,thousand_yen_per_month,JPY,contractual_cash_earnings,2024,,JP-NAT,JIS_X_0401,prefecture,https://www.e-stat.go.jp/stat-search/file-download?statInfId=000040247959&fileKind=4,2025-03-17
10,1,Gunma,群馬県,JP,Kanto,Total,,total,302.5,thousand_yen_per_month,JPY,scheduled_cash_earnings,2024,,JP-NAT,JIS_X_0401,prefecture,https://www.e-stat.go.jp/stat-search/file-download?statInfId=000040247959&fileKind=4,2025-03-17
10,1,Gunma,群馬県,JP,Kanto,Total,,total,848.5,thousand_yen_per_month,JPY,annual_special_cash_earnings,2024,,JP-NAT,JIS_X_0401,prefecture,https://www.e-stat.go.jp/stat-search/file-download?statInfId=000040247959&fileKind=4,2025-03-17
11,1,Saitama,埼玉県,JP,Kanto,Total,,total,353,thousand_yen_per_month,JPY,contractual_cash_earnings,2024,,JP-NAT,JIS_X_0401,prefecture,https://www.e-stat.go.jp/stat-search/file-download?statInfId=000040247959&fileKind=4,2025-03-17
11,1,Saitama,埼玉県,JP,Kanto,Total,,total,322.3,thousand_yen_per_month,JPY,scheduled_cash_earnings,2024,,JP-NAT,JIS_X_0401,prefecture,https://www.e-stat.go.jp/stat-search/file-download?statInfId=000040247959&fileKind=4,2025-03-17
11,1,Saitama,埼玉県,JP,Kanto,Total,,total,859.1,thousand_yen_per_month,JPY,annual_special_cash_earnings,2024,,JP-NAT,JIS_X_0401,prefecture,https://www.e-stat.go.jp/stat-search/file-download?statInfId=000040247959&fileKind=4,2025-03-17
12,1,Chiba,千葉県,JP,Kanto,Total,,total,349.2,thousand_yen_per_month,JPY,contractual_cash_earnings,2024,,JP-NAT,JIS_X_0401,prefecture,https://www.e-stat.go.jp/stat-search/file-download?statInfId=000040247959&fileKind=4,2025-03-17
12,1,Chiba,千葉県,JP,Kanto,Total,,total,320.3,thousand_yen_per_month,JPY,scheduled_cash_earnings,2024,,JP-NAT,JIS_X_0401,prefecture,https://www.e-stat.go.jp/stat-search/file-download?statInfId=000040247959&fileKind=4,2025-03-17
12,1,Chiba,千葉県,JP,Kanto,Total,,total,820.9,thousand_yen_per_month,JPY,annual_special_cash_earnings,2024,,JP-NAT,JIS_X_0401,prefecture,https://www.e-stat.go.jp/stat-search/file-download?statInfId=000040247959&fileKind=4,2025-03-17
13,1,Tokyo,東京都,JP,Kanto,Total,,total,434.3,thousand_yen_per_month,JPY,contractual_cash_earnings,2024,,JP-NAT,JIS_X_0401,prefecture,https://www.e-stat.go.jp/stat-search/file-download?statInfId=000040247959&fileKind=4,2025-03-17
13,1,Tokyo,東京都,JP,Kanto,Total,,total,403.7,thousand_yen_per_month,JPY,scheduled_cash_earnings,2024,,JP-NAT,JIS_X_0401,prefecture,https://www.e-stat.go.jp/stat-search/file-download?statInfId=000040247959&fileKind=4,2025-03-17
13,1,Tokyo,東京都,JP,Kanto,Total,,total,1232.2,thousand_yen_per_month,JPY,annual_special_cash_earnings,2024,,JP-NAT,JIS_X_0401,prefecture,https://www.e-stat.go.jp/stat-search/file-download?statInfId=000040247959&fileKind=4,2025-03-17
14,1,Kanagawa,神奈川県,JP,Kanto,Total,,total,388.7,thousand_yen_per_month,JPY,contractual_cash_earnings,2024,,JP-NAT,JIS_X_0401,prefecture,https://www.e-stat.go.jp/stat-search/file-download?statInfId=000040247959&fileKind=4,2025-03-17
14,1,Kanagawa,神奈川県,JP,Kanto,Total,,total,355.8,thousand_yen_per_month,JPY,scheduled_cash_earnings,2024,,JP-NAT,JIS_X_0401,prefecture,https://www.e-stat.go.jp/stat-search/file-download?statInfId=000040247959&fileKind=4,2025-03-17
14,1,Kanagawa,神奈川県,JP,Kanto,Total,,total,1106.3,thousand_yen_per_month,JPY,annual_special_cash_earnings,2024,,JP-NAT,JIS_X_0401,prefecture,https://www.e-stat.go.jp/stat-search/file-download?statInfId=000040247959&fileKind=4,2025-03-17
15,1,Niigata,新潟県,JP,Hokuriku,Total,,total,313,thousand_yen_per_month,JPY,contractual_cash_earnings,2024,,JP-NAT,JIS_X_0401,prefecture,https://www.e-stat.go.jp/stat-search/file-download?statInfId=000040247959&fileKind=4,2025-03-17
15,1,Niigata,新潟県,JP,Hokuriku,Total,,total,288.7,thousand_yen_per_month,JPY,scheduled_cash_earnings,2024,,JP-NAT,JIS_X_0401,prefecture,https://www.e-stat.go.jp/stat-search/file-download?statInfId=000040247959&fileKind=4,2025-03-17
15,1,Niigata,新潟県,JP,Hokuriku,Total,,total,770.4,thousand_yen_per_month,JPY,annual_special_cash_earnings,2024,,JP-NAT,JIS_X_0401,prefecture,https://www.e-stat.go.jp/stat-search/file-download?statInfId=000040247959&fileKind=4,2025-03-17
16,1,Toyama,富山県,JP,Hokuriku,Total,,total,320.1,thousand_yen_per_month,JPY,contractual_cash_earnings,2024,,JP-NAT,JIS_X_0401,prefecture,https://www.e-stat.go.jp/stat-search/file-download?statInfId=000040247959&fileKind=4,2025-03-17
16,1,Toyama,富山県,JP,Hokuriku,Total,,total,295.2,thousand_yen_per_month,JPY,scheduled_cash_earnings,2024,,JP-NAT,JIS_X_0401,prefecture,https://www.e-stat.go.jp/stat-search/file-download?statInfId=000040247959&fileKind=4,2025-03-17
16,1,Toyama,富山県,JP,Hokuriku,Total,,total,811.3,thousand_yen_per_month,JPY,annual_special_cash_earnings,2024,,JP-NAT,JIS_X_0401,prefecture,https://www.e-stat.go.jp/stat-search/file-download?statInfId=000040247959&fileKind=4,2025-03-17
17,1,Ishikawa,石川県,JP,Hokuriku,Total,,total,335.4,thousand_yen_per_month,JPY,contractual_cash_earnings,2024,,JP-NAT,JIS_X_0401,prefecture,https://www.e-stat.go.jp/stat-search/file-download?statInfId=000040247959&fileKind=4,2025-03-17
17,1,Ishikawa,石川県,JP,Hokuriku,Total,,total,308.4,thousand_yen_per_month,JPY,scheduled_cash_earnings,2024,,JP-NAT,JIS_X_0401,prefecture,https://www.e-stat.go.jp/stat-search/file-download?statInfId=000040247959&fileKind=4,2025-03-17
17,1,Ishikawa,石川県,JP,Hokuriku,Total,,total,866.1,thousand_yen_per_month,JPY,annual_special_cash_earnings,2024,,JP-NAT,JIS_X_0401,prefecture,https://www.e-stat.go.jp/stat-search/file-download?statInfId=000040247959&fileKind=4,2025-03-17
18,1,Fukui,福井県,JP,Hokuriku,Total,,total,317.1,thousand_yen_per_month,JPY,contractual_cash_earnings,2024,,JP-NAT,JIS_X_0401,prefecture,https://www.e-stat.go.jp/stat-search/file-download?statInfId=000040247959&fileKind=4,2025-03-17
18,1,Fukui,福井県,JP,Hokuriku,Total,,total,290.9,thousand_yen_per_month,JPY,scheduled_cash_earnings,2024,,JP-NAT,JIS_X_0401,prefecture,https://www.e-stat.go.jp/stat-search/file-download?statInfId=000040247959&fileKind=4,2025-03-17
18,1,Fukui,福井県,JP,Hokuriku,Total,,total,835.7,thousand_yen_per_month,JPY,annual_special_cash_earnings,2024,,JP-NAT,JIS_X_0401,prefecture,https://www.e-stat.go.jp/stat-search/file-download?statInfId=000040247959&fileKind=4,2025-03-17
19,1,Yamanashi,山梨県,JP,Kanto,Total,,total,328.5,thousand_yen_per_month,JPY,contractual_cash_earnings,2024,,JP-NAT,JIS_X_0401,prefecture,https://www.e-stat.go.jp/stat-search/file-download?statInfId=000040247959&fileKind=4,2025-03-17
19,1,Yamanashi,山梨県,JP,Kanto,Total,,total,304.4,thousand_yen_per_month,JPY,scheduled_cash_earnings,2024,,JP-NAT,JIS_X_0401,prefecture,https://www.e-stat.go.jp/stat-search/file-download?statInfId=000040247959&fileKind=4,2025-03-17
19,1,Yamanashi,山梨県,JP,Kanto,Total,,total,794.7,thousand_yen_per_month,JPY,annual_special_cash_earnings,2024,,JP-NAT,JIS_X_0401,prefecture,https://www.e-stat.go.jp/stat-search/file-download?statInfId=000040247959&fileKind=4,2025-03-17
20,1,Nagano,長野県,JP,Kanto,Total,,total,324,thousand_yen_per_month,JPY,contractual_cash_earnings,2024,,JP-NAT,JIS_X_0401,prefecture,https://www.e-stat.go.jp/stat-search/file-download?statInfId=000040247959&fileKind=4,2025-03-17
20,1,Nagano,長野県,JP,Kanto,Total,,total,298.6,thousand_yen_per_month,JPY,scheduled_cash_earnings,2024,,JP-NAT,JIS_X_0401,prefecture,https://www.e-stat.go.jp/stat-search/file-download?statInfId=000040247959&fileKind=4,2025-03-17
20,1,Nagano,長野県,JP,Kanto,Total,,total,901.8,thousand_yen_per_month,JPY,annual_special_cash_earnings,2024,,JP-NAT,JIS_X_0401,prefecture,https://www.e-stat.go.jp/stat-search/file-download?statInfId=000040247959&fileKind=4,2025-03-17
21,1,Gifu,岐阜県,JP,Tokai/Chubu,Total,,total,316.9,thousand_yen_per_month,JPY,contractual_cash_earnings,2024,,JP-NAT,JIS_X_0401,prefecture,https://www.e-stat.go.jp/stat-search/file-download?statInfId=000040247959&fileKind=4,2025-03-17
21,1,Gifu,岐阜県,JP,Tokai/Chubu,Total,,total,289.3,thousand_yen_per_month,JPY,scheduled_cash_earnings,2024,,JP-NAT,JIS_X_0401,prefecture,https://www.e-stat.go.jp/stat-search/file-download?statInfId=000040247959&fileKind=4,2025-03-17
21,1,Gifu,岐阜県,JP,Tokai/Chubu,Total,,total,754.1,thousand_yen_per_month,JPY,annual_special_cash_earnings,2024,,JP-NAT,JIS_X_0401,prefecture,https://www.e-stat.go.jp/stat-search/file-download?statInfId=000040247959&fileKind=4,2025-03-17
22,1,Shizuoka,静岡県,JP,Tokai/Chubu,Total,,total,339.2,thousand_yen_per_month,JPY,contractual_cash_earnings,2024,,JP-NAT,JIS_X_0401,prefecture,https://www.e-stat.go.jp/stat-search/file-download?statInfId=000040247959&fileKind=4,2025-03-17
22,1,Shizuoka,静岡県,JP,Tokai/Chubu,Total,,total,309.4,thousand_yen_per_month,JPY,scheduled_cash_earnings,2024,,JP-NAT,JIS_X_0401,prefecture,https://www.e-stat.go.jp/stat-search/file-download?statInfId=000040247959&fileKind=4,2025-03-17
22,1,Shizuoka,静岡県,JP,Tokai/Chubu,Total,,total,920.8,thousand_yen_per_month,JPY,annual_special_cash_earnings,2024,,JP-NAT,JIS_X_0401,prefecture,https://www.e-stat.go.jp/stat-search/file-download?statInfId=000040247959&fileKind=4,2025-03-17
23,1,Aichi,愛知県,JP,Tokai/Chubu,Total,,total,368.2,thousand_yen_per_month,JPY,contractual_cash_earnings,2024,,JP-NAT,JIS_X_0401,prefecture,https://www.e-stat.go.jp/stat-search/file-download?statInfId=000040247959&fileKind=4,2025-03-17
23,1,Aichi,愛知県,JP,Tokai/Chubu,Total,,total,332.6,thousand_yen_per_month,JPY,scheduled_cash_earnings,2024,,JP-NAT,JIS_X_0401,prefecture,https://www.e-stat.go.jp/stat-search/file-download?statInfId=000040247959&fileKind=4,2025-03-17
23,1,Aichi,愛知県,JP,Tokai/Chubu,Total,,total,1065.9,thousand_yen_per_month,JPY,annual_special_cash_earnings,2024,,JP-NAT,JIS_X_0401,prefecture,https://www.e-stat.go.jp/stat-search/file-download?statInfId=000040247959&fileKind=4,2025-03-17
24,1,Mie,三重県,JP,Tokai/Chubu,Total,,total,346.7,thousand_yen_per_month,JPY,contractual_cash_earnings,2024,,JP-NAT,JIS_X_0401,prefecture,https://www.e-stat.go.jp/stat-search/file-download?statInfId=000040247959&fileKind=4,2025-03-17
24,1,Mie,三重県,JP,Tokai/Chubu,Total,,total,309.6,thousand_yen_per_month,JPY,scheduled_cash_earnings,2024,,JP-NAT,JIS_X_0401,prefecture,https://www.e-stat.go.jp/stat-search/file-download?statInfId=000040247959&fileKind=4,2025-03-17
24,1,Mie,三重県,JP,Tokai/Chubu,Total,,total,890.4,thousand_yen_per_month,JPY,annual_special_cash_earnings,2024,,JP-NAT,JIS_X_0401,prefecture,https://www.e-stat.go.jp/stat-search/file-download?statInfId=000040247959&fileKind=4,2025-03-17
25,1,Shiga,滋賀県,JP,Kinki,Total,,total,348.6,thousand_yen_per_month,JPY,contractual_cash_earnings,2024,,JP-NAT,JIS_X_0401,prefecture,https://www.e-stat.go.jp/stat-search/file-download?statInfId=000040247959&fileKind=4,2025-03-17
25,1,Shiga,滋賀県,JP,Kinki,Total,,total,312.9,thousand_yen_per_month,JPY,scheduled_cash_earnings,2024,,JP-NAT,JIS_X_0401,prefecture,https://www.e-stat.go.jp/stat-search/file-download?statInfId=000040247959&fileKind=4,2025-03-17
25,1,Shiga,滋賀県,JP,Kinki,Total,,total,917.1,thousand_yen_per_month,JPY,annual_special_cash_earnings,2024,,JP-NAT,JIS_X_0401,prefecture,https://www.e-stat.go.jp/stat-search/file-download?statInfId=000040247959&fileKind=4,2025-03-17
26,1,Kyoto,京都府,JP,Kinki,Total,,total,354.4,thousand_yen_per_month,JPY,contractual_cash_earnings,2024,,JP-NAT,JIS_X_0401,prefecture,https://www.e-stat.go.jp/stat-search/file-download?statInfId=000040247959&fileKind=4,2025-03-17
26,1,Kyoto,京都府,JP,Kinki,Total,,total,323.3,thousand_yen_per_month,JPY,scheduled_cash_earnings,2024,,JP-NAT,JIS_X_0401,prefecture,https://www.e-stat.go.jp/stat-search/file-download?statInfId=000040247959&fileKind=4,2025-03-17
26,1,Kyoto,京都府,JP,Kinki,Total,,total,909.3,thousand_yen_per_month,JPY,annual_special_cash_earnings,2024,,JP-NAT,JIS_X_0401,prefecture,https://www.e-stat.go.jp/stat-search/file-download?statInfId=000040247959&fileKind=4,2025-03-17
27,1,Osaka,大阪府,JP,Kinki,Total,,total,376.9,thousand_yen_per_month,JPY,contractual_cash_earnings,2024,,JP-NAT,JIS_X_0401,prefecture,https://www.e-stat.go.jp/stat-search/file-download?statInfId=000040247959&fileKind=4,2025-03-17
27,1,Osaka,大阪府,JP,Kinki,Total,,total,348,thousand_yen_per_month,JPY,scheduled_cash_earnings,2024,,JP-NAT,JIS_X_0401,prefecture,https://www.e-stat.go.jp/stat-search/file-download?statInfId=000040247959&fileKind=4,2025-03-17
27,1,Osaka,大阪府,JP,Kinki,Total,,total,1040.9,thousand_yen_per_month,JPY,annual_special_cash_earnings,2024,,JP-NAT,JIS_X_0401,prefecture,https://www.e-stat.go.jp/stat-search/file-download?statInfId=000040247959&fileKind=4,2025-03-17
28,1,Hyogo,兵庫県,JP,Kinki,Total,,total,349.1,thousand_yen_per_month,JPY,contractual_cash_earnings,2024,,JP-NAT,JIS_X_0401,prefecture,https://www.e-stat.go.jp/stat-search/file-download?statInfId=000040247959&fileKind=4,2025-03-17
28,1,Hyogo,兵庫県,JP,Kinki,Total,,total,318.8,thousand_yen_per_month,JPY,scheduled_cash_earnings,2024,,JP-NAT,JIS_X_0401,prefecture,https://www.e-stat.go.jp/stat-search/file-download?statInfId=000040247959&fileKind=4,2025-03-17
28,1,Hyogo,兵庫県,JP,Kinki,Total,,total,940.8,thousand_yen_per_month,JPY,annual_special_cash_earnings,2024,,JP-NAT,JIS_X_0401,prefecture,https://www.e-stat.go.jp/stat-search/file-download?statInfId=000040247959&fileKind=4,2025-03-17
29,1,Nara,奈良県,JP,Kinki,Total,,total,343.5,thousand_yen_per_month,JPY,contractual_cash_earnings,2024,,JP-NAT,JIS_X_0401,prefecture,https://www.e-stat.go.jp/stat-search/file-download?statInfId=000040247959&fileKind=4,2025-03-17
29,1,Nara,奈良県,JP,Kinki,Total,,total,312.7,thousand_yen_per_month,JPY,scheduled_cash_earnings,2024,,JP-NAT,JIS_X_0401,prefecture,https://www.e-stat.go.jp/stat-search/file-download?statInfId=000040247959&fileKind=4,2025-03-17
29,1,Nara,奈良県,JP,Kinki,Total,,total,783.3,thousand_yen_per_month,JPY,annual_special_cash_earnings,2024,,JP-NAT,JIS_X_0401,prefecture,https://www.e-stat.go.jp/stat-search/file-download?statInfId=000040247959&fileKind=4,2025-03-17
30,1,Wakayama,和歌山県,JP,Kinki,Total,,total,323.1,thousand_yen_per_month,JPY,contractual_cash_earnings,2024,,JP-NAT,JIS_X_0401,prefecture,https://www.e-stat.go.jp/stat-search/file-download?statInfId=000040247959&fileKind=4,2025-03-17
30,1,Wakayama,和歌山県,JP,Kinki,Total,,total,297.3,thousand_yen_per_month,JPY,scheduled_cash_earnings,2024,,JP-NAT,JIS_X_0401,prefecture,https://www.e-stat.go.jp/stat-search/file-download?statInfId=000040247959&fileKind=4,2025-03-17
30,1,Wakayama,和歌山県,JP,Kinki,Total,,total,812.1,thousand_yen_per_month,JPY,annual_special_cash_earnings,2024,,JP-NAT,JIS_X_0401,prefecture,https://www.e-stat.go.jp/stat-search/file-download?statInfId=000040247959&fileKind=4,2025-03-17
31,1,Tottori,鳥取県,JP,Chugoku,Total,,total,291.1,thousand_yen_per_month,JPY,contractual_cash_earnings,2024,,JP-NAT,JIS_X_0401,prefecture,https://www.e-stat.go.jp/stat-search/file-download?statInfId=000040247959&fileKind=4,2025-03-17
31,1,Tottori,鳥取県,JP,Chugoku,Total,,total,269.1,thousand_yen_per_month,JPY,scheduled_cash_earnings,2024,,JP-NAT,JIS_X_0401,prefecture,https://www.e-stat.go.jp/stat-search/file-download?statInfId=000040247959&fileKind=4,2025-03-17
31,1,Tottori,鳥取県,JP,Chugoku,Total,,total,592.9,thousand_yen_per_month,JPY,annual_special_cash_earnings,2024,,JP-NAT,JIS_X_0401,prefecture,https://www.e-stat.go.jp/stat-search/file-download?statInfId=000040247959&fileKind=4,2025-03-17
32,1,Shimane,島根県,JP,Chugoku,Total,,total,295.8,thousand_yen_per_month,JPY,contractual_cash_earnings,2024,,JP-NAT,JIS_X_0401,prefecture,https://www.e-stat.go.jp/stat-search/file-download?statInfId=000040247959&fileKind=4,2025-03-17
32,1,Shimane,島根県,JP,Chugoku,Total,,total,269.3,thousand_yen_per_month,JPY,scheduled_cash_earnings,2024,,JP-NAT,JIS_X_0401,prefecture,https://www.e-stat.go.jp/stat-search/file-download?statInfId=000040247959&fileKind=4,2025-03-17
32,1,Shimane,島根県,JP,Chugoku,Total,,total,757.2,thousand_yen_per_month,JPY,annual_special_cash_earnings,2024,,JP-NAT,JIS_X_0401,prefecture,https://www.e-stat.go.jp/stat-search/file-download?statInfId=000040247959&fileKind=4,2025-03-17
33,1,Okayama,岡山県,JP,Chugoku,Total,,total,325.4,thousand_yen_per_month,JPY,contractual_cash_earnings,2024,,JP-NAT,JIS_X_0401,prefecture,https://www.e-stat.go.jp/stat-search/file-download?statInfId=000040247959&fileKind=4,2025-03-17
33,1,Okayama,岡山県,JP,Chugoku,Total,,total,296.9,thousand_yen_per_month,JPY,scheduled_cash_earnings,2024,,JP-NAT,JIS_X_0401,prefecture,https://www.e-stat.go.jp/stat-search/file-download?statInfId=000040247959&fileKind=4,2025-03-17
33,1,Okayama,岡山県,JP,Chugoku,Total,,total,791.2,thousand_yen_per_month,JPY,annual_special_cash_earnings,2024,,JP-NAT,JIS_X_0401,prefecture,https://www.e-stat.go.jp/stat-search/file-download?statInfId=000040247959&fileKind=4,2025-03-17
34,1,Hiroshima,広島県,JP,Chugoku,Total,,total,344.4,thousand_yen_per_month,JPY,contractual_cash_earnings,2024,,JP-NAT,JIS_X_0401,prefecture,https://www.e-stat.go.jp/stat-search/file-download?statInfId=000040247959&fileKind=4,2025-03-17
34,1,Hiroshima,広島県,JP,Chugoku,Total,,total,312.7,thousand_yen_per_month,JPY,scheduled_cash_earnings,2024,,JP-NAT,JIS_X_0401,prefecture,https://www.e-stat.go.jp/stat-search/file-download?statInfId=000040247959&fileKind=4,2025-03-17
34,1,Hiroshima,広島県,JP,Chugoku,Total,,total,895.6,thousand_yen_per_month,JPY,annual_special_cash_earnings,2024,,JP-NAT,JIS_X_0401,prefecture,https://www.e-stat.go.jp/stat-search/file-download?statInfId=000040247959&fileKind=4,2025-03-17
35,1,Yamaguchi,山口県,JP,Chugoku,Total,,total,328.6,thousand_yen_per_month,JPY,contractual_cash_earnings,2024,,JP-NAT,JIS_X_0401,prefecture,https://www.e-stat.go.jp/stat-search/file-download?statInfId=000040247959&fileKind=4,2025-03-17
35,1,Yamaguchi,山口県,JP,Chugoku,Total,,total,298.3,thousand_yen_per_month,JPY,scheduled_cash_earnings,2024,,JP-NAT,JIS_X_0401,prefecture,https://www.e-stat.go.jp/stat-search/file-download?statInfId=000040247959&fileKind=4,2025-03-17
35,1,Yamaguchi,山口県,JP,Chugoku,Total,,total,886.5,thousand_yen_per_month,JPY,annual_special_cash_earnings,2024,,JP-NAT,JIS_X_0401,prefecture,https://www.e-stat.go.jp/stat-search/file-download?statInfId=000040247959&fileKind=4,2025-03-17
36,1,Tokushima,徳島県,JP,Shikoku,Total,,total,315.6,thousand_yen_per_month,JPY,contractual_cash_earnings,2024,,JP-NAT,JIS_X_0401,prefecture,https://www.e-stat.go.jp/stat-search/file-download?statInfId=000040247959&fileKind=4,2025-03-17
36,1,Tokushima,徳島県,JP,Shikoku,Total,,total,293,thousand_yen_per_month,JPY,scheduled_cash_earnings,2024,,JP-NAT,JIS_X_0401,prefecture,https://www.e-stat.go.jp/stat-search/file-download?statInfId=000040247959&fileKind=4,2025-03-17
36,1,Tokushima,徳島県,JP,Shikoku,Total,,total,839.7,thousand_yen_per_month,JPY,annual_special_cash_earnings,2024,,JP-NAT,JIS_X_0401,prefecture,https://www.e-stat.go.jp/stat-search/file-download?statInfId=000040247959&fileKind=4,2025-03-17
37,1,Kagawa,香川県,JP,Shikoku,Total,,total,327.1,thousand_yen_per_month,JPY,contractual_cash_earnings,2024,,JP-NAT,JIS_X_0401,prefecture,https://www.e-stat.go.jp/stat-search/file-download?statInfId=000040247959&fileKind=4,2025-03-17
37,1,Kagawa,香川県,JP,Shikoku,Total,,total,297.2,thousand_yen_per_month,JPY,scheduled_cash_earnings,2024,,JP-NAT,JIS_X_0401,prefecture,https://www.e-stat.go.jp/stat-search/file-download?statInfId=000040247959&fileKind=4,2025-03-17
37,1,Kagawa,香川県,JP,Shikoku,Total,,total,807.5,thousand_yen_per_month,JPY,annual_special_cash_earnings,2024,,JP-NAT,JIS_X_0401,prefecture,https://www.e-stat.go.jp/stat-search/file-download?statInfId=000040247959&fileKind=4,2025-03-17
38,1,Ehime,愛媛県,JP,Shikoku,Total,,total,306.2,thousand_yen_per_month,JPY,contractual_cash_earnings,2024,,JP-NAT,JIS_X_0401,prefecture,https://www.e-stat.go.jp/stat-search/file-download?statInfId=000040247959&fileKind=4,2025-03-17
38,1,Ehime,愛媛県,JP,Shikoku,Total,,total,281.5,thousand_yen_per_month,JPY,scheduled_cash_earnings,2024,,JP-NAT,JIS_X_0401,prefecture,https://www.e-stat.go.jp/stat-search/file-download?statInfId=000040247959&fileKind=4,2025-03-17
38,1,Ehime,愛媛県,JP,Shikoku,Total,,total,752.3,thousand_yen_per_month,JPY,annual_special_cash_earnings,2024,,JP-NAT,JIS_X_0401,prefecture,https://www.e-stat.go.jp/stat-search/file-download?statInfId=000040247959&fileKind=4,2025-03-17
39,1,Kochi,高知県,JP,Shikoku,Total,,total,293.9,thousand_yen_per_month,JPY,contractual_cash_earnings,2024,,JP-NAT,JIS_X_0401,prefecture,https://www.e-stat.go.jp/stat-search/file-download?statInfId=000040247959&fileKind=4,2025-03-17
39,1,Kochi,高知県,JP,Shikoku,Total,,total,273.3,thousand_yen_per_month,JPY,scheduled_cash_earnings,2024,,JP-NAT,JIS_X_0401,prefecture,https://www.e-stat.go.jp/stat-search/file-download?statInfId=000040247959&fileKind=4,2025-03-17
39,1,Kochi,高知県,JP,Shikoku,Total,,total,678.2,thousand_yen_per_month,JPY,annual_special_cash_earnings,2024,,JP-NAT,JIS_X_0401,prefecture,https://www.e-stat.go.jp/stat-search/file-download?statInfId=000040247959&fileKind=4,2025-03-17
40,1,Fukuoka,福岡県,JP,Kyushu,Total,,total,338.3,thousand_yen_per_month,JPY,contractual_cash_earnings,2024,,JP-NAT,JIS_X_0401,prefecture,https://www.e-stat.go.jp/stat-search/file-download?statInfId=000040247959&fileKind=4,2025-03-17
40,1,Fukuoka,福岡県,JP,Kyushu,Total,,total,308,thousand_yen_per_month,JPY,scheduled_cash_earnings,2024,,JP-NAT,JIS_X_0401,prefecture,https://www.e-stat.go.jp/stat-search/file-download?statInfId=000040247959&fileKind=4,2025-03-17
40,1,Fukuoka,福岡県,JP,Kyushu,Total,,total,871.6,thousand_yen_per_month,JPY,annual_special_cash_earnings,2024,,JP-NAT,JIS_X_0401,prefecture,https://www.e-stat.go.jp/stat-search/file-download?statInfId=000040247959&fileKind=4,2025-03-17
41,1,Saga,佐賀県,JP,Kyushu,Total,,total,301.2,thousand_yen_per_month,JPY,contractual_cash_earnings,2024,,JP-NAT,JIS_X_0401,prefecture,https://www.e-stat.go.jp/stat-search/file-download?statInfId=000040247959&fileKind=4,2025-03-17
41,1,Saga,佐賀県,JP,Kyushu,Total,,total,276.5,thousand_yen_per_month,JPY,scheduled_cash_earnings,2024,,JP-NAT,JIS_X_0401,prefecture,https://www.e-stat.go.jp/stat-search/file-download?statInfId=000040247959&fileKind=4,2025-03-17
41,1,Saga,佐賀県,JP,Kyushu,Total,,total,727.1,thousand_yen_per_month,JPY,annual_special_cash_earnings,2024,,JP-NAT,JIS_X_0401,prefecture,https://www.e-stat.go.jp/stat-search/file-download?statInfId=000040247959&fileKind=4,2025-03-17
42,1,Nagasaki,長崎県,JP,Kyushu,Total,,total,298.5,thousand_yen_per_month,JPY,contractual_cash_earnings,2024,,JP-NAT,JIS_X_0401,prefecture,https://www.e-stat.go.jp/stat-search/file-download?statInfId=000040247959&fileKind=4,2025-03-17
42,1,Nagasaki,長崎県,JP,Kyushu,Total,,total,278.4,thousand_yen_per_month,JPY,scheduled_cash_earnings,2024,,JP-NAT,JIS_X_0401,prefecture,https://www.e-stat.go.jp/stat-search/file-download?statInfId=000040247959&fileKind=4,2025-03-17
42,1,Nagasaki,長崎県,JP,Kyushu,Total,,total,715.1,thousand_yen_per_month,JPY,annual_special_cash_earnings,2024,,JP-NAT,JIS_X_0401,prefecture,https://www.e-stat.go.jp/stat-search/file-download?statInfId=000040247959&fileKind=4,2025-03-17
43,1,Kumamoto,熊本県,JP,Kyushu,Total,,total,307,thousand_yen_per_month,JPY,contractual_cash_earnings,2024,,JP-NAT,JIS_X_0401,prefecture,https://www.e-stat.go.jp/stat-search/file-download?statInfId=000040247959&fileKind=4,2025-03-17
43,1,Kumamoto,熊本県,JP,Kyushu,Total,,total,283.1,thousand_yen_per_month,JPY,scheduled_cash_earnings,2024,,JP-NAT,JIS_X_0401,prefecture,https://www.e-stat.go.jp/stat-search/file-download?statInfId=000040247959&fileKind=4,2025-03-17
43,1,Kumamoto,熊本県,JP,Kyushu,Total,,total,765.5,thousand_yen_per_month,JPY,annual_special_cash_earnings,2024,,JP-NAT,JIS_X_0401,prefecture,https://www.e-stat.go.jp/stat-search/file-download?statInfId=000040247959&fileKind=4,2025-03-17
44,1,Oita,大分県,JP,Kyushu,Total,,total,309.6,thousand_yen_per_month,JPY,contractual_cash_earnings,2024,,JP-NAT,JIS_X_0401,prefecture,https://www.e-stat.go.jp/stat-search/file-download?statInfId=000040247959&fileKind=4,2025-03-17
44,1,Oita,大分県,JP,Kyushu,Total,,total,285,thousand_yen_per_month,JPY,scheduled_cash_earnings,2024,,JP-NAT,JIS_X_0401,prefecture,https://www.e-stat.go.jp/stat-search/file-download?statInfId=000040247959&fileKind=4,2025-03-17
44,1,Oita,大分県,JP,Kyushu,Total,,total,758.6,thousand_yen_per_month,JPY,annual_special_cash_earnings,2024,,JP-NAT,JIS_X_0401,prefecture,https://www.e-stat.go.jp/stat-search/file-download?statInfId=000040247959&fileKind=4,2025-03-17
45,1,Miyazaki,宮崎県,JP,Kyushu,Total,,total,281.1,thousand_yen_per_month,JPY,contractual_cash_earnings,2024,,JP-NAT,JIS_X_0401,prefecture,https://www.e-stat.go.jp/stat-search/file-download?statInfId=000040247959&fileKind=4,2025-03-17
45,1,Miyazaki,宮崎県,JP,Kyushu,Total,,total,259.8,thousand_yen_per_month,JPY,scheduled_cash_earnings,2024,,JP-NAT,JIS_X_0401,prefecture,https://www.e-stat.go.jp/stat-search/file-download?statInfId=000040247959&fileKind=4,2025-03-17
45,1,Miyazaki,宮崎県,JP,Kyushu,Total,,total,653.8,thousand_yen_per_month,JPY,annual_special_cash_earnings,2024,,JP-NAT,JIS_X_0401,prefecture,https://www.e-stat.go.jp/stat-search/file-download?statInfId=000040247959&fileKind=4,2025-03-17
46,1,Kagoshima,鹿児島県,JP,Kyushu,Total,,total,294.5,thousand_yen_per_month,JPY,contractual_cash_earnings,2024,,JP-NAT,JIS_X_0401,prefecture,https://www.e-stat.go.jp/stat-search/file-download?statInfId=000040247959&fileKind=4,2025-03-17
46,1,Kagoshima,鹿児島県,JP,Kyushu,Total,,total,273.9,thousand_yen_per_month,JPY,scheduled_cash_earnings,2024,,JP-NAT,JIS_X_0401,prefecture,https://www.e-stat.go.jp/stat-search/file-download?statInfId=000040247959&fileKind=4,2025-03-17
46,1,Kagoshima,鹿児島県,JP,Kyushu,Total,,total,722.3,thousand_yen_per_month,JPY,annual_special_cash_earnings,2024,,JP-NAT,JIS_X_0401,prefecture,https://www.e-stat.go.jp/stat-search/file-download?statInfId=000040247959&fileKind=4,2025-03-17
47,1,Okinawa,沖縄県,JP,Okinawa,Total,,total,283.3,thousand_yen_per_month,JPY,contractual_cash_earnings,2024,,JP-NAT,JIS_X_0401,prefecture,https://www.e-stat.go.jp/stat-search/file-download?statInfId=000040247959&fileKind=4,2025-03-17
47,1,Okinawa,沖縄県,JP,Okinawa,Total,,total,266.3,thousand_yen_per_month,JPY,scheduled_cash_earnings,2024,,JP-NAT,JIS_X_0401,prefecture,https://www.e-stat.go.jp/stat-search/file-download?statInfId=000040247959&fileKind=4,2025-03-17
47,1,Okinawa,沖縄県,JP,Okinawa,Total,,total,535.4,thousand_yen_per_month,JPY,annual_special_cash_earnings,2024,,JP-NAT,JIS_X_0401,prefecture,https://www.e-stat.go.jp/stat-search/file-download?statInfId=000040247959&fileKind=4,2025-03-17
JP-NAT,0,National,全国,JP,,Administrative and managerial workers,A,major,579.9,thousand_yen_per_month,JPY,contractual_cash_earnings,2024,,JP-NAT,JSOC_MAJOR,national,https://www.e-stat.go.jp/stat-search/file-download?statInfId=000040247948&fileKind=4,2025-03-17
JP-NAT,0,National,全国,JP,,Administrative and managerial workers,A,major,571.6,thousand_yen_per_month,JPY,scheduled_cash_earnings,2024,,JP-NAT,JSOC_MAJOR,national,https://www.e-stat.go.jp/stat-search/file-download?statInfId=000040247948&fileKind=4,2025-03-17
JP-NAT,0,National,全国,JP,,Administrative and managerial workers,A,major,2213.1,thousand_yen_per_month,JPY,annual_special_cash_earnings,2024,,JP-NAT,JSOC_MAJOR,national,https://www.e-stat.go.jp/stat-search/file-download?statInfId=000040247948&fileKind=4,2025-03-17
JP-NAT,0,National,全国,JP,,Professional and engineering workers,B,major,403.1,thousand_yen_per_month,JPY,contractual_cash_earnings,2024,,JP-NAT,JSOC_MAJOR,national,https://www.e-stat.go.jp/stat-search/file-download?statInfId=000040247948&fileKind=4,2025-03-17
JP-NAT,0,National,全国,JP,,Professional and engineering workers,B,major,370.6,thousand_yen_per_month,JPY,scheduled_cash_earnings,2024,,JP-NAT,JSOC_MAJOR,national,https://www.e-stat.go.jp/stat-search/file-download?statInfId=000040247948&fileKind=4,2025-03-17
JP-NAT,0,National,全国,JP,,Professional and engineering workers,B,major,1147,thousand_yen_per_month,JPY,annual_special_cash_earnings,2024,,JP-NAT,JSOC_MAJOR,national,https://www.e-stat.go.jp/stat-search/file-download?statInfId=000040247948&fileKind=4,2025-03-17
JP-NAT,0,National,全国,JP,,Clerical workers,C,major,346.2,thousand_yen_per_month,JPY,contractual_cash_earnings,2024,,JP-NAT,JSOC_MAJOR,national,https://www.e-stat.go.jp/stat-search/file-download?statInfId=000040247948&fileKind=4,2025-03-17
JP-NAT,0,National,全国,JP,,Clerical workers,C,major,321.4,thousand_yen_per_month,JPY,scheduled_cash_earnings,2024,,JP-NAT,JSOC_MAJOR,national,https://www.e-stat.go.jp/stat-search/file-download?statInfId=000040247948&fileKind=4,2025-03-17
JP-NAT,0,National,全国,JP,,Clerical workers,C,major,999,thousand_yen_per_month,JPY,annual_special_cash_earnings,2024,,JP-NAT,JSOC_MAJOR,national,https://www.e-stat.go.jp/stat-search/file-download?statInfId=000040247948&fileKind=4,2025-03-17
JP-NAT,0,National,全国,JP,,Sales workers,D,major,348.6,thousand_yen_per_month,JPY,contractual_cash_earnings,2024,,JP-NAT,JSOC_MAJOR,national,https://www.e-stat.go.jp/stat-search/file-download?statInfId=000040247948&fileKind=4,2025-03-17
JP-NAT,0,National,全国,JP,,Sales workers,D,major,325.8,thousand_yen_per_month,JPY,scheduled_cash_earnings,2024,,JP-NAT,JSOC_MAJOR,national,https://www.e-stat.go.jp/stat-search/file-download?statInfId=000040247948&fileKind=4,2025-03-17
JP-NAT,0,National,全国,JP,,Sales workers,D,major,940.1,thousand_yen_per_month,JPY,annual_special_cash_earnings,2024,,JP-NAT,JSOC_MAJOR,national,https://www.e-stat.go.jp/stat-search/file-download?statInfId=000040247948&fileKind=4,2025-03-17
JP-NAT,0,National,全国,JP,,Service workers,E,major,274,thousand_yen_per_month,JPY,contractual_cash_earnings,2024,,JP-NAT,JSOC_MAJOR,national,https://www.e-stat.go.jp/stat-search/file-download?statInfId=000040247948&fileKind=4,2025-03-17
JP-NAT,0,National,全国,JP,,Service workers,E,major,254.7,thousand_yen_per_month,JPY,scheduled_cash_earnings,2024,,JP-NAT,JSOC_MAJOR,national,https://www.e-stat.go.jp/stat-search/file-download?statInfId=000040247948&fileKind=4,2025-03-17
JP-NAT,0,National,全国,JP,,Service workers,E,major,432.5,thousand_yen_per_month,JPY,annual_special_cash_earnings,2024,,JP-NAT,JSOC_MAJOR,national,https://www.e-stat.go.jp/stat-search/file-download?statInfId=000040247948&fileKind=4,2025-03-17
JP-NAT,0,National,全国,JP,,Security workers,F,major,264,thousand_yen_per_month,JPY,contractual_cash_earnings,2024,,JP-NAT,JSOC_MAJOR,national,https://www.e-stat.go.jp/stat-search/file-download?statInfId=000040247948&fileKind=4,2025-03-17
JP-NAT,0,National,全国,JP,,Security workers,F,major,230.3,thousand_yen_per_month,JPY,scheduled_cash_earnings,2024,,JP-NAT,JSOC_MAJOR,national,https://www.e-stat.go.jp/stat-search/file-download?statInfId=000040247948&fileKind=4,2025-03-17
JP-NAT,0,National,全国,JP,,Security workers,F,major,307.9,thousand_yen_per_month,JPY,annual_special_cash_earnings,2024,,JP-NAT,JSOC_MAJOR,national,https://www.e-stat.go.jp/stat-search/file-download?statInfId=000040247948&fileKind=4,2025-03-17
JP-NAT,0,National,全国,JP,,"Agriculture, forestry, and fishery workers",G,major,261,thousand_yen_per_month,JPY,contractual_cash_earnings,2024,,JP-NAT,JSOC_MAJOR,national,https://www.e-stat.go.jp/stat-search/file-download?statInfId=000040247948&fileKind=4,2025-03-17
JP-NAT,0,National,全国,JP,,"Agriculture, forestry, and fishery workers",G,major,248.9,thousand_yen_per_month,JPY,scheduled_cash_earnings,2024,,JP-NAT,JSOC_MAJOR,national,https://www.e-stat.go.jp/stat-search/file-download?statInfId=000040247948&fileKind=4,2025-03-17
JP-NAT,0,National,全国,JP,,"Agriculture, forestry, and fishery workers",G,major,386,thousand_yen_per_month,JPY,annual_special_cash_earnings,2024,,JP-NAT,JSOC_MAJOR,national,https://www.e-stat.go.jp/stat-search/file-download?statInfId=000040247948&fileKind=4,2025-03-17
JP-NAT,0,National,全国,JP,,Manufacturing process workers,H,major,314,thousand_yen_per_month,JPY,contractual_cash_earnings,2024,,JP-NAT,JSOC_MAJOR,national,https://www.e-stat.go.jp/stat-search/file-download?statInfId=000040247948&fileKind=4,2025-03-17
JP-NAT,0,National,全国,JP,,Manufacturing process workers,H,major,276,thousand_yen_per_month,JPY,scheduled_cash_earnings,2024,,JP-NAT,JSOC_MAJOR,national,https://www.e-stat.go.jp/stat-search/file-download?statInfId=000040247948&fileKind=4,2025-03-17
JP-NAT,0,National,全国,JP,,Manufacturing process workers,H,major,781.6,thousand_yen_per_month,JPY,annual_special_cash_earnings,2024,,JP-NAT,JSOC_MAJOR,national,https://www.e-stat.go.jp/stat-search/file-download?statInfId=000040247948&fileKind=4,2025-03-17
JP-NAT,0,National,全国,JP,,Transport and machine operation workers,I,major,354,thousand_yen_per_month,JPY,contractual_cash_earnings,2024,,JP-NAT,JSOC_MAJOR,national,https://www.e-stat.go.jp/stat-search/file-download?statInfId=000040247948&fileKind=4,2025-03-17
JP-NAT,0,National,全国,JP,,Transport and machine operation workers,I,major,293,thousand_yen_per_month,JPY,scheduled_cash_earnings,2024,,JP-NAT,JSOC_MAJOR,national,https://www.e-stat.go.jp/stat-search/file-download?statInfId=000040247948&fileKind=4,2025-03-17
JP-NAT,0,National,全国,JP,,Transport and machine operation workers,I,major,502.9,thousand_yen_per_month,JPY,annual_special_cash_earnings,2024,,JP-NAT,JSOC_MAJOR,national,https://www.e-stat.go.jp/stat-search/file-download?statInfId=000040247948&fileKind=4,2025-03-17
JP-NAT,0,National,全国,JP,,Construction and mining workers,J,major,343.3,thousand_yen_per_month,JPY,contractual_cash_earnings,2024,,JP-NAT,JSOC_MAJOR,national,https://www.e-stat.go.jp/stat-search/file-download?statInfId=000040247948&fileKind=4,2025-03-17
JP-NAT,0,National,全国,JP,,Construction and mining workers,J,major,312.7,thousand_yen_per_month,JPY,scheduled_cash_earnings,2024,,JP-NAT,JSOC_MAJOR,national,https://www.e-stat.go.jp/stat-search/file-download?statInfId=000040247948&fileKind=4,2025-03-17
JP-NAT,0,National,全国,JP,,Construction and mining workers,J,major,720.5,thousand_yen_per_month,JPY,annual_special_cash_earnings,2024,,JP-NAT,JSOC_MAJOR,national,https://www.e-stat.go.jp/stat-search/file-download?statInfId=000040247948&fileKind=4,2025-03-17
JP-NAT,0,National,全国,JP,,"Carrying, cleaning, packaging, and related workers",K,major,274.9,thousand_yen_per_month,JPY,contractual_cash_earnings,2024,,JP-NAT,JSOC_MAJOR,national,https://www.e-stat.go.jp/stat-search/file-download?statInfId=000040247948&fileKind=4,2025-03-17
JP-NAT,0,National,全国,JP,,"Carrying, cleaning, packaging, and related workers",K,major,248.5,thousand_yen_per_month,JPY,scheduled_cash_earnings,2024,,JP-NAT,JSOC_MAJOR,national,https://www.e-stat.go.jp/stat-search/file-download?statInfId=000040247948&fileKind=4,2025-03-17
JP-NAT,0,National,全国,JP,,"Carrying, cleaning, packaging, and related workers",K,major,470.2,thousand_yen_per_month,JPY,annual_special_cash_earnings,2024,,JP-NAT,JSOC_MAJOR,national,https://www.e-stat.go.jp/stat-search/file-download?statInfId=000040247948&fileKind=4,2025-03-17
13,1,Tokyo,東京都,JP,Kanto,Administrative and managerial workers,A,major,667.4,thousand_yen_per_month,JPY,scheduled_cash_earnings,2024,,JP-NAT,JIS_X_0401,prefecture,https://www.e-stat.go.jp/stat-search/file-download?statInfId=000040247949&fileKind=4,2025-03-17
23,1,Aichi,愛知県,JP,Tokai/Chubu,Administrative and managerial workers,A,major,563.8,thousand_yen_per_month,JPY,scheduled_cash_earnings,2024,,JP-NAT,JIS_X_0401,prefecture,https://www.e-stat.go.jp/stat-search/file-download?statInfId=000040247949&fileKind=4,2025-03-17
27,1,Osaka,大阪府,JP,Kinki,Administrative and managerial workers,A,major,565.6,thousand_yen_per_month,JPY,scheduled_cash_earnings,2024,,JP-NAT,JIS_X_0401,prefecture,https://www.e-stat.go.jp/stat-search/file-download?statInfId=000040247950&fileKind=4,2025-03-17
40,1,Fukuoka,福岡県,JP,Kyushu,Administrative and managerial workers,A,major,524.6,thousand_yen_per_month,JPY,scheduled_cash_earnings,2024,,JP-NAT,JIS_X_0401,prefecture,https://www.e-stat.go.jp/stat-search/file-download?statInfId=000040247951&fileKind=4,2025-03-17
47,1,Okinawa,沖縄県,JP,Okinawa,Administrative and managerial workers,A,major,439.1,thousand_yen_per_month,JPY,scheduled_cash_earnings,2024,,JP-NAT,JIS_X_0401,prefecture,https://www.e-stat.go.jp/stat-search/file-download?statInfId=000040247951&fileKind=4,2025-03-17
13,1,Tokyo,東京都,JP,Kanto,Professional and engineering workers,B,major,418.5,thousand_yen_per_month,JPY,scheduled_cash_earnings,2024,,JP-NAT,JIS_X_0401,prefecture,https://www.e-stat.go.jp/stat-search/file-download?statInfId=000040247949&fileKind=4,2025-03-17
23,1,Aichi,愛知県,JP,Tokai/Chubu,Professional and engineering workers,B,major,361.9,thousand_yen_per_month,JPY,scheduled_cash_earnings,2024,,JP-NAT,JIS_X_0401,prefecture,https://www.e-stat.go.jp/stat-search/file-download?statInfId=000040247949&fileKind=4,2025-03-17
27,1,Osaka,大阪府,JP,Kinki,Professional and engineering workers,B,major,377.5,thousand_yen_per_month,JPY,scheduled_cash_earnings,2024,,JP-NAT,JIS_X_0401,prefecture,https://www.e-stat.go.jp/stat-search/file-download?statInfId=000040247950&fileKind=4,2025-03-17
40,1,Fukuoka,福岡県,JP,Kyushu,Professional and engineering workers,B,major,349.2,thousand_yen_per_month,JPY,scheduled_cash_earnings,2024,,JP-NAT,JIS_X_0401,prefecture,https://www.e-stat.go.jp/stat-search/file-download?statInfId=000040247951&fileKind=4,2025-03-17
47,1,Okinawa,沖縄県,JP,Okinawa,Professional and engineering workers,B,major,309.3,thousand_yen_per_month,JPY,scheduled_cash_earnings,2024,,JP-NAT,JIS_X_0401,prefecture,https://www.e-stat.go.jp/stat-search/file-download?statInfId=000040247951&fileKind=4,2025-03-17
13,1,Tokyo,東京都,JP,Kanto,Clerical workers,C,major,380.8,thousand_yen_per_month,JPY,scheduled_cash_earnings,2024,,JP-NAT,JIS_X_0401,prefecture,https://www.e-stat.go.jp/stat-search/file-download?statInfId=000040247949&fileKind=4,2025-03-17
23,1,Aichi,愛知県,JP,Tokai/Chubu,Clerical workers,C,major,320.3,thousand_yen_per_month,JPY,scheduled_cash_earnings,2024,,JP-NAT,JIS_X_0401,prefecture,https://www.e-stat.go.jp/stat-search/file-download?statInfId=000040247949&fileKind=4,2025-03-17
27,1,Osaka,大阪府,JP,Kinki,Clerical workers,C,major,327.5,thousand_yen_per_month,JPY,scheduled_cash_earnings,2024,,JP-NAT,JIS_X_0401,prefecture,https://www.e-stat.go.jp/stat-search/file-download?statInfId=000040247950&fileKind=4,2025-03-17
40,1,Fukuoka,福岡県,JP,Kyushu,Clerical workers,C,major,286.1,thousand_yen_per_month,JPY,scheduled_cash_earnings,2024,,JP-NAT,JIS_X_0401,prefecture,https://www.e-stat.go.jp/stat-search/file-download?statInfId=000040247951&fileKind=4,2025-03-17
47,1,Okinawa,沖縄県,JP,Okinawa,Clerical workers,C,major,248.9,thousand_yen_per_month,JPY,scheduled_cash_earnings,2024,,JP-NAT,JIS_X_0401,prefecture,https://www.e-stat.go.jp/stat-search/file-download?statInfId=000040247951&fileKind=4,2025-03-17
13,1,Tokyo,東京都,JP,Kanto,Sales workers,D,major,380.7,thousand_yen_per_month,JPY,scheduled_cash_earnings,2024,,JP-NAT,JIS_X_0401,prefecture,https://www.e-stat.go.jp/stat-search/file-download?statInfId=000040247949&fileKind=4,2025-03-17
23,1,Aichi,愛知県,JP,Tokai/Chubu,Sales workers,D,major,337.8,thousand_yen_per_month,JPY,scheduled_cash_earnings,2024,,JP-NAT,JIS_X_0401,prefecture,https://www.e-stat.go.jp/stat-search/file-download?statInfId=000040247949&fileKind=4,2025-03-17
27,1,Osaka,大阪府,JP,Kinki,Sales workers,D,major,359.6,thousand_yen_per_month,JPY,scheduled_cash_earnings,2024,,JP-NAT,JIS_X_0401,prefecture,https://www.e-stat.go.jp/stat-search/file-download?statInfId=000040247950&fileKind=4,2025-03-17
40,1,Fukuoka,福岡県,JP,Kyushu,Sales workers,D,major,316.9,thousand_yen_per_month,JPY,scheduled_cash_earnings,2024,,JP-NAT,JIS_X_0401,prefecture,https://www.e-stat.go.jp/stat-search/file-download?statInfId=000040247951&fileKind=4,2025-03-17
47,1,Okinawa,沖縄県,JP,Okinawa,Sales workers,D,major,245.8,thousand_yen_per_month,JPY,scheduled_cash_earnings,2024,,JP-NAT,JIS_X_0401,prefecture,https://www.e-stat.go.jp/stat-search/file-download?statInfId=000040247951&fileKind=4,2025-03-17
13,1,Tokyo,東京都,JP,Kanto,Service workers,E,major,290.3,thousand_yen_per_month,JPY,scheduled_cash_earnings,2024,,JP-NAT,JIS_X_0401,prefecture,https://www.e-stat.go.jp/stat-search/file-download?statInfId=000040247949&fileKind=4,2025-03-17
23,1,Aichi,愛知県,JP,Tokai/Chubu,Service workers,E,major,259.4,thousand_yen_per_month,JPY,scheduled_cash_earnings,2024,,JP-NAT,JIS_X_0401,prefecture,https://www.e-stat.go.jp/stat-search/file-download?statInfId=000040247949&fileKind=4,2025-03-17
27,1,Osaka,大阪府,JP,Kinki,Service workers,E,major,264,thousand_yen_per_month,JPY,scheduled_cash_earnings,2024,,JP-NAT,JIS_X_0401,prefecture,https://www.e-stat.go.jp/stat-search/file-download?statInfId=000040247950&fileKind=4,2025-03-17
40,1,Fukuoka,福岡県,JP,Kyushu,Service workers,E,major,243.1,thousand_yen_per_month,JPY,scheduled_cash_earnings,2024,,JP-NAT,JIS_X_0401,prefecture,https://www.e-stat.go.jp/stat-search/file-download?statInfId=000040247951&fileKind=4,2025-03-17
47,1,Okinawa,沖縄県,JP,Okinawa,Service workers,E,major,227.3,thousand_yen_per_month,JPY,scheduled_cash_earnings,2024,,JP-NAT,JIS_X_0401,prefecture,https://www.e-stat.go.jp/stat-search/file-download?statInfId=000040247951&fileKind=4,2025-03-17
13,1,Tokyo,東京都,JP,Kanto,Security workers,F,major,234.8,thousand_yen_per_month,JPY,scheduled_cash_earnings,2024,,JP-NAT,JIS_X_0401,prefecture,https://www.e-stat.go.jp/stat-search/file-download?statInfId=000040247949&fileKind=4,2025-03-17
23,1,Aichi,愛知県,JP,Tokai/Chubu,Security workers,F,major,216.9,thousand_yen_per_month,JPY,scheduled_cash_earnings,2024,,JP-NAT,JIS_X_0401,prefecture,https://www.e-stat.go.jp/stat-search/file-download?statInfId=000040247949&fileKind=4,2025-03-17
27,1,Osaka,大阪府,JP,Kinki,Security workers,F,major,237,thousand_yen_per_month,JPY,scheduled_cash_earnings,2024,,JP-NAT,JIS_X_0401,prefecture,https://www.e-stat.go.jp/stat-search/file-download?statInfId=000040247950&fileKind=4,2025-03-17
40,1,Fukuoka,福岡県,JP,Kyushu,Security workers,F,major,223.4,thousand_yen_per_month,JPY,scheduled_cash_earnings,2024,,JP-NAT,JIS_X_0401,prefecture,https://www.e-stat.go.jp/stat-search/file-download?statInfId=000040247951&fileKind=4,2025-03-17
47,1,Okinawa,沖縄県,JP,Okinawa,Security workers,F,major,202.7,thousand_yen_per_month,JPY,scheduled_cash_earnings,2024,,JP-NAT,JIS_X_0401,prefecture,https://www.e-stat.go.jp/stat-search/file-download?statInfId=000040247951&fileKind=4,2025-03-17
13,1,Tokyo,東京都,JP,Kanto,"Agriculture, forestry, and fishery workers",G,major,253.4,thousand_yen_per_month,JPY,scheduled_cash_earnings,2024,,JP-NAT,JIS_X_0401,prefecture,https://www.e-stat.go.jp/stat-search/file-download?statInfId=000040247949&fileKind=4,2025-03-17
23,1,Aichi,愛知県,JP,Tokai/Chubu,"Agriculture, forestry, and fishery workers",G,major,195.4,thousand_yen_per_month,JPY,scheduled_cash_earnings,2024,,JP-NAT,JIS_X_0401,prefecture,https://www.e-stat.go.jp/stat-search/file-download?statInfId=000040247949&fileKind=4,2025-03-17
27,1,Osaka,大阪府,JP,Kinki,"Agriculture, forestry, and fishery workers",G,major,341.6,thousand_yen_per_month,JPY,scheduled_cash_earnings,2024,,JP-NAT,JIS_X_0401,prefecture,https://www.e-stat.go.jp/stat-search/file-download?statInfId=000040247950&fileKind=4,2025-03-17
40,1,Fukuoka,福岡県,JP,Kyushu,"Agriculture, forestry, and fishery workers",G,major,204.4,thousand_yen_per_month,JPY,scheduled_cash_earnings,2024,,JP-NAT,JIS_X_0401,prefecture,https://www.e-stat.go.jp/stat-search/file-download?statInfId=000040247951&fileKind=4,2025-03-17
47,1,Okinawa,沖縄県,JP,Okinawa,"Agriculture, forestry, and fishery workers",G,major,221.7,thousand_yen_per_month,JPY,scheduled_cash_earnings,2024,,JP-NAT,JIS_X_0401,prefecture,https://www.e-stat.go.jp/stat-search/file-download?statInfId=000040247951&fileKind=4,2025-03-17
13,1,Tokyo,東京都,JP,Kanto,Manufacturing process workers,H,major,311.4,thousand_yen_per_month,JPY,scheduled_cash_earnings,2024,,JP-NAT,JIS_X_0401,prefecture,https://www.e-stat.go.jp/stat-search/file-download?statInfId=000040247949&fileKind=4,2025-03-17
23,1,Aichi,愛知県,JP,Tokai/Chubu,Manufacturing process workers,H,major,297.2,thousand_yen_per_month,JPY,scheduled_cash_earnings,2024,,JP-NAT,JIS_X_0401,prefecture,https://www.e-stat.go.jp/stat-search/file-download?statInfId=000040247949&fileKind=4,2025-03-17
27,1,Osaka,大阪府,JP,Kinki,Manufacturing process workers,H,major,291.7,thousand_yen_per_month,JPY,scheduled_cash_earnings,2024,,JP-NAT,JIS_X_0401,prefecture,https://www.e-stat.go.jp/stat-search/file-download?statInfId=000040247950&fileKind=4,2025-03-17
40,1,Fukuoka,福岡県,JP,Kyushu,Manufacturing process workers,H,major,260.3,thousand_yen_per_month,JPY,scheduled_cash_earnings,2024,,JP-NAT,JIS_X_0401,prefecture,https://www.e-stat.go.jp/stat-search/file-download?statInfId=000040247951&fileKind=4,2025-03-17
47,1,Okinawa,沖縄県,JP,Okinawa,Manufacturing process workers,H,major,224.9,thousand_yen_per_month,JPY,scheduled_cash_earnings,2024,,JP-NAT,JIS_X_0401,prefecture,https://www.e-stat.go.jp/stat-search/file-download?statInfId=000040247951&fileKind=4,2025-03-17
13,1,Tokyo,東京都,JP,Kanto,Transport and machine operation workers,I,major,372.7,thousand_yen_per_month,JPY,scheduled_cash_earnings,2024,,JP-NAT,JIS_X_0401,prefecture,https://www.e-stat.go.jp/stat-search/file-download?statInfId=000040247949&fileKind=4,2025-03-17
23,1,Aichi,愛知県,JP,Tokai/Chubu,Transport and machine operation workers,I,major,317.5,thousand_yen_per_month,JPY,scheduled_cash_earnings,2024,,JP-NAT,JIS_X_0401,prefecture,https://www.e-stat.go.jp/stat-search/file-download?statInfId=000040247949&fileKind=4,2025-03-17
27,1,Osaka,大阪府,JP,Kinki,Transport and machine operation workers,I,major,308.2,thousand_yen_per_month,JPY,scheduled_cash_earnings,2024,,JP-NAT,JIS_X_0401,prefecture,https://www.e-stat.go.jp/stat-search/file-download?statInfId=000040247950&fileKind=4,2025-03-17
40,1,Fukuoka,福岡県,JP,Kyushu,Transport and machine operation workers,I,major,260,thousand_yen_per_month,JPY,scheduled_cash_earnings,2024,,JP-NAT,JIS_X_0401,prefecture,https://www.e-stat.go.jp/stat-search/file-download?statInfId=000040247951&fileKind=4,2025-03-17
47,1,Okinawa,沖縄県,JP,Okinawa,Transport and machine operation workers,I,major,259.3,thousand_yen_per_month,JPY,scheduled_cash_earnings,2024,,JP-NAT,JIS_X_0401,prefecture,https://www.e-stat.go.jp/stat-search/file-download?statInfId=000040247951&fileKind=4,2025-03-17
13,1,Tokyo,東京都,JP,Kanto,Construction and mining workers,J,major,305,thousand_yen_per_month,JPY,scheduled_cash_earnings,2024,,JP-NAT,JIS_X_0401,prefecture,https://www.e-stat.go.jp/stat-search/file-download?statInfId=000040247949&fileKind=4,2025-03-17
23,1,Aichi,愛知県,JP,Tokai/Chubu,Construction and mining workers,J,major,320.8,thousand_yen_per_month,JPY,scheduled_cash_earnings,2024,,JP-NAT,JIS_X_0401,prefecture,https://www.e-stat.go.jp/stat-search/file-download?statInfId=000040247949&fileKind=4,2025-03-17
27,1,Osaka,大阪府,JP,Kinki,Construction and mining workers,J,major,461.2,thousand_yen_per_month,JPY,scheduled_cash_earnings,2024,,JP-NAT,JIS_X_0401,prefecture,https://www.e-stat.go.jp/stat-search/file-download?statInfId=000040247950&fileKind=4,2025-03-17
40,1,Fukuoka,福岡県,JP,Kyushu,Construction and mining workers,J,major,314.2,thousand_yen_per_month,JPY,scheduled_cash_earnings,2024,,JP-NAT,JIS_X_0401,prefecture,https://www.e-stat.go.jp/stat-search/file-download?statInfId=000040247951&fileKind=4,2025-03-17
47,1,Okinawa,沖縄県,JP,Okinawa,Construction and mining workers,J,major,257,thousand_yen_per_month,JPY,scheduled_cash_earnings,2024,,JP-NAT,JIS_X_0401,prefecture,https://www.e-stat.go.jp/stat-search/file-download?statInfId=000040247951&fileKind=4,2025-03-17
13,1,Tokyo,東京都,JP,Kanto,"Carrying, cleaning, packaging, and related workers",K,major,276.2,thousand_yen_per_month,JPY,scheduled_cash_earnings,2024,,JP-NAT,JIS_X_0401,prefecture,https://www.e-stat.go.jp/stat-search/file-download?statInfId=000040247949&fileKind=4,2025-03-17
23,1,Aichi,愛知県,JP,Tokai/Chubu,"Carrying, cleaning, packaging, and related workers",K,major,265.3,thousand_yen_per_month,JPY,scheduled_cash_earnings,2024,,JP-NAT,JIS_X_0401,prefecture,https://www.e-stat.go.jp/stat-search/file-download?statInfId=000040247949&fileKind=4,2025-03-17
27,1,Osaka,大阪府,JP,Kinki,"Carrying, cleaning, packaging, and related workers",K,major,243.2,thousand_yen_per_month,JPY,scheduled_cash_earnings,2024,,JP-NAT,JIS_X_0401,prefecture,https://www.e-stat.go.jp/stat-search/file-download?statInfId=000040247950&fileKind=4,2025-03-17
40,1,Fukuoka,福岡県,JP,Kyushu,"Carrying, cleaning, packaging, and related workers",K,major,251.9,thousand_yen_per_month,JPY,scheduled_cash_earnings,2024,,JP-NAT,JIS_X_0401,prefecture,https://www.e-stat.go.jp/stat-search/file-download?statInfId=000040247951&fileKind=4,2025-03-17
47,1,Okinawa,沖縄県,JP,Okinawa,"Carrying, cleaning, packaging, and related workers",K,major,220.2,thousand_yen_per_month,JPY,scheduled_cash_earnings,2024,,JP-NAT,JIS_X_0401,prefecture,https://www.e-stat.go.jp/stat-search/file-download?statInfId=000040247951&fileKind=4,2025-03-17
JP-NAT,0,National,全国,JP,,Physicians,,detailed,1025.9,thousand_yen_per_month,JPY,contractual_cash_earnings,2024,,JP-NAT,JSOC_DETAILED,national,https://www.e-stat.go.jp/stat-search/file-download?statInfId=000040247952&fileKind=4,2025-03-17
JP-NAT,0,National,全国,JP,,Physicians,,detailed,911.6,thousand_yen_per_month,JPY,scheduled_cash_earnings,2024,,JP-NAT,JSOC_DETAILED,national,https://www.e-stat.go.jp/stat-search/file-download?statInfId=000040247952&fileKind=4,2025-03-17
JP-NAT,0,National,全国,JP,,Physicians,,detailed,1069.3,thousand_yen_per_month,JPY,annual_special_cash_earnings,2024,,JP-NAT,JSOC_DETAILED,national,https://www.e-stat.go.jp/stat-search/file-download?statInfId=000040247952&fileKind=4,2025-03-17
JP-NAT,0,National,全国,JP,,Dentists,,detailed,909.2,thousand_yen_per_month,JPY,contractual_cash_earnings,2024,,JP-NAT,JSOC_DETAILED,national,https://www.e-stat.go.jp/stat-search/file-download?statInfId=000040247952&fileKind=4,2025-03-17
JP-NAT,0,National,全国,JP,,Dentists,,detailed,895,thousand_yen_per_month,JPY,scheduled_cash_earnings,2024,,JP-NAT,JSOC_DETAILED,national,https://www.e-stat.go.jp/stat-search/file-download?statInfId=000040247952&fileKind=4,2025-03-17
JP-NAT,0,National,全国,JP,,Dentists,,detailed,444.8,thousand_yen_per_month,JPY,annual_special_cash_earnings,2024,,JP-NAT,JSOC_DETAILED,national,https://www.e-stat.go.jp/stat-search/file-download?statInfId=000040247952&fileKind=4,2025-03-17
JP-NAT,0,National,全国,JP,,Pharmacists,,detailed,430.8,thousand_yen_per_month,JPY,contractual_cash_earnings,2024,,JP-NAT,JSOC_DETAILED,national,https://www.e-stat.go.jp/stat-search/file-download?statInfId=000040247952&fileKind=4,2025-03-17
JP-NAT,0,National,全国,JP,,Pharmacists,,detailed,407,thousand_yen_per_month,JPY,scheduled_cash_earnings,2024,,JP-NAT,JSOC_DETAILED,national,https://www.e-stat.go.jp/stat-search/file-download?statInfId=000040247952&fileKind=4,2025-03-17
JP-NAT,0,National,全国,JP,,Pharmacists,,detailed,823.6,thousand_yen_per_month,JPY,annual_special_cash_earnings,2024,,JP-NAT,JSOC_DETAILED,national,https://www.e-stat.go.jp/stat-search/file-download?statInfId=000040247952&fileKind=4,2025-03-17
JP-NAT,0,National,全国,JP,,Registered nurses,,detailed,363.5,thousand_yen_per_month,JPY,contractual_cash_earnings,2024,,JP-NAT,JSOC_DETAILED,national,https://www.e-stat.go.jp/stat-search/file-download?statInfId=000040247952&fileKind=4,2025-03-17
JP-NAT,0,National,全国,JP,,Registered nurses,,detailed,329.6,thousand_yen_per_month,JPY,scheduled_cash_earnings,2024,,JP-NAT,JSOC_DETAILED,national,https://www.e-stat.go.jp/stat-search/file-download?statInfId=000040247952&fileKind=4,2025-03-17
JP-NAT,0,National,全国,JP,,Registered nurses,,detailed,835,thousand_yen_per_month,JPY,annual_special_cash_earnings,2024,,JP-NAT,JSOC_DETAILED,national,https://www.e-stat.go.jp/stat-search/file-download?statInfId=000040247952&fileKind=4,2025-03-17
JP-NAT,0,National,全国,JP,,Nursery school teachers,,detailed,277.2,thousand_yen_per_month,JPY,contractual_cash_earnings,2024,,JP-NAT,JSOC_DETAILED,national,https://www.e-stat.go.jp/stat-search/file-download?statInfId=000040247952&fileKind=4,2025-03-17
JP-NAT,0,National,全国,JP,,Nursery school teachers,,detailed,270.3,thousand_yen_per_month,JPY,scheduled_cash_earnings,2024,,JP-NAT,JSOC_DETAILED,national,https://www.e-stat.go.jp/stat-search/file-download?statInfId=000040247952&fileKind=4,2025-03-17
JP-NAT,0,National,全国,JP,,Nursery school teachers,,detailed,741.7,thousand_yen_per_month,JPY,annual_special_cash_earnings,2024,,JP-NAT,JSOC_DETAILED,national,https://www.e-stat.go.jp/stat-search/file-download?statInfId=000040247952&fileKind=4,2025-03-17
JP-NAT,0,National,全国,JP,,Elementary and junior high school teachers,,detailed,459,thousand_yen_per_month,JPY,contractual_cash_earnings,2024,,JP-NAT,JSOC_DETAILED,national,https://www.e-stat.go.jp/stat-search/file-download?statInfId=000040247952&fileKind=4,2025-03-17
JP-NAT,0,National,全国,JP,,Elementary and junior high school teachers,,detailed,447.9,thousand_yen_per_month,JPY,scheduled_cash_earnings,2024,,JP-NAT,JSOC_DETAILED,national,https://www.e-stat.go.jp/stat-search/file-download?statInfId=000040247952&fileKind=4,2025-03-17
JP-NAT,0,National,全国,JP,,Elementary and junior high school teachers,,detailed,1757.4,thousand_yen_per_month,JPY,annual_special_cash_earnings,2024,,JP-NAT,JSOC_DETAILED,national,https://www.e-stat.go.jp/stat-search/file-download?statInfId=000040247952&fileKind=4,2025-03-17
JP-NAT,0,National,全国,JP,,Systems consultants and designers,,detailed,480.7,thousand_yen_per_month,JPY,contractual_cash_earnings,2024,,JP-NAT,JSOC_DETAILED,national,https://www.e-stat.go.jp/stat-search/file-download?statInfId=000040247952&fileKind=4,2025-03-17
JP-NAT,0,National,全国,JP,,Systems consultants and designers,,detailed,431.7,thousand_yen_per_month,JPY,scheduled_cash_earnings,2024,,JP-NAT,JSOC_DETAILED,national,https://www.e-stat.go.jp/stat-search/file-download?statInfId=000040247952&fileKind=4,2025-03-17
JP-NAT,0,National,全国,JP,,Systems consultants and designers,,detailed,1757.3,thousand_yen_per_month,JPY,annual_special_cash_earnings,2024,,JP-NAT,JSOC_DETAILED,national,https://www.e-stat.go.jp/stat-search/file-download?statInfId=000040247952&fileKind=4,2025-03-17
JP-NAT,0,National,全国,JP,,Software developers,,detailed,386.2,thousand_yen_per_month,JPY,contractual_cash_earnings,2024,,JP-NAT,JSOC_DETAILED,national,https://www.e-stat.go.jp/stat-search/file-download?statInfId=000040247952&fileKind=4,2025-03-17
JP-NAT,0,National,全国,JP,,Software developers,,detailed,357,thousand_yen_per_month,JPY,scheduled_cash_earnings,2024,,JP-NAT,JSOC_DETAILED,national,https://www.e-stat.go.jp/stat-search/file-download?statInfId=000040247952&fileKind=4,2025-03-17
JP-NAT,0,National,全国,JP,,Software developers,,detailed,1106.8,thousand_yen_per_month,JPY,annual_special_cash_earnings,2024,,JP-NAT,JSOC_DETAILED,national,https://www.e-stat.go.jp/stat-search/file-download?statInfId=000040247952&fileKind=4,2025-03-17
JP-NAT,0,National,全国,JP,,Sales clerks,,detailed,271.2,thousand_yen_per_month,JPY,contractual_cash_earnings,2024,,JP-NAT,JSOC_DETAILED,national,https://www.e-stat.go.jp/stat-search/file-download?statInfId=000040247952&fileKind=4,2025-03-17
JP-NAT,0,National,全国,JP,,Sales clerks,,detailed,254.8,thousand_yen_per_month,JPY,scheduled_cash_earnings,2024,,JP-NAT,JSOC_DETAILED,national,https://www.e-stat.go.jp/stat-search/file-download?statInfId=000040247952&fileKind=4,2025-03-17
JP-NAT,0,National,全国,JP,,Sales clerks,,detailed,439.9,thousand_yen_per_month,JPY,annual_special_cash_earnings,2024,,JP-NAT,JSOC_DETAILED,national,https://www.e-stat.go.jp/stat-search/file-download?statInfId=000040247952&fileKind=4,2025-03-17
JP-NAT,0,National,全国,JP,,Care workers (medical and welfare facilities),,detailed,271,thousand_yen_per_month,JPY,contractual_cash_earnings,2024,,JP-NAT,JSOC_DETAILED,national,https://www.e-stat.go.jp/stat-search/file-download?statInfId=000040247952&fileKind=4,2025-03-17
JP-NAT,0,National,全国,JP,,Care workers (medical and welfare facilities),,detailed,255.4,thousand_yen_per_month,JPY,scheduled_cash_earnings,2024,,JP-NAT,JSOC_DETAILED,national,https://www.e-stat.go.jp/stat-search/file-download?statInfId=000040247952&fileKind=4,2025-03-17
JP-NAT,0,National,全国,JP,,Care workers (medical and welfare facilities),,detailed,508.3,thousand_yen_per_month,JPY,annual_special_cash_earnings,2024,,JP-NAT,JSOC_DETAILED,national,https://www.e-stat.go.jp/stat-search/file-download?statInfId=000040247952&fileKind=4,2025-03-17
JP-NAT,0,National,全国,JP,,Cooks,,detailed,278.2,thousand_yen_per_month,JPY,contractual_cash_earnings,2024,,JP-NAT,JSOC_DETAILED,national,https://www.e-stat.go.jp/stat-search/file-download?statInfId=000040247952&fileKind=4,2025-03-17
JP-NAT,0,National,全国,JP,,Cooks,,detailed,251.3,thousand_yen_per_month,JPY,scheduled_cash_earnings,2024,,JP-NAT,JSOC_DETAILED,national,https://www.e-stat.go.jp/stat-search/file-download?statInfId=000040247952&fileKind=4,2025-03-17
JP-NAT,0,National,全国,JP,,Cooks,,detailed,356.4,thousand_yen_per_month,JPY,annual_special_cash_earnings,2024,,JP-NAT,JSOC_DETAILED,national,https://www.e-stat.go.jp/stat-search/file-download?statInfId=000040247952&fileKind=4,2025-03-17
JP-NAT,0,National,全国,JP,,Security guards,,detailed,268.3,thousand_yen_per_month,JPY,contractual_cash_earnings,2024,,JP-NAT,JSOC_DETAILED,national,https://www.e-stat.go.jp/stat-search/file-download?statInfId=000040247952&fileKind=4,2025-03-17
JP-NAT,0,National,全国,JP,,Security guards,,detailed,230.6,thousand_yen_per_month,JPY,scheduled_cash_earnings,2024,,JP-NAT,JSOC_DETAILED,national,https://www.e-stat.go.jp/stat-search/file-download?statInfId=000040247952&fileKind=4,2025-03-17
JP-NAT,0,National,全国,JP,,Security guards,,detailed,318.5,thousand_yen_per_month,JPY,annual_special_cash_earnings,2024,,JP-NAT,JSOC_DETAILED,national,https://www.e-stat.go.jp/stat-search/file-download?statInfId=000040247952&fileKind=4,2025-03-17
JP-NAT,0,National,全国,JP,,Taxi drivers,,detailed,327.3,thousand_yen_per_month,JPY,contractual_cash_earnings,2024,,JP-NAT,JSOC_DETAILED,national,https://www.e-stat.go.jp/stat-search/file-download?statInfId=000040247952&fileKind=4,2025-03-17
JP-NAT,0,National,全国,JP,,Taxi drivers,,detailed,283.6,thousand_yen_per_month,JPY,scheduled_cash_earnings,2024,,JP-NAT,JSOC_DETAILED,national,https://www.e-stat.go.jp/stat-search/file-download?statInfId=000040247952&fileKind=4,2025-03-17
JP-NAT,0,National,全国,JP,,Taxi drivers,,detailed,220.9,thousand_yen_per_month,JPY,annual_special_cash_earnings,2024,,JP-NAT,JSOC_DETAILED,national,https://www.e-stat.go.jp/stat-search/file-download?statInfId=000040247952&fileKind=4,2025-03-17
JP-NAT,0,National,全国,JP,,Heavy-duty truck drivers (commercial),,detailed,377.4,thousand_yen_per_month,JPY,contractual_cash_earnings,2024,,JP-NAT,JSOC_DETAILED,national,https://www.e-stat.go.jp/stat-search/file-download?statInfId=000040247952&fileKind=4,2025-03-17
JP-NAT,0,National,全国,JP,,Heavy-duty truck drivers (commercial),,detailed,299.9,thousand_yen_per_month,JPY,scheduled_cash_earnings,2024,,JP-NAT,JSOC_DETAILED,national,https://www.e-stat.go.jp/stat-search/file-download?statInfId=000040247952&fileKind=4,2025-03-17
JP-NAT,0,National,全国,JP,,Heavy-duty truck drivers (commercial),,detailed,390.5,thousand_yen_per_month,JPY,annual_special_cash_earnings,2024,,JP-NAT,JSOC_DETAILED,national,https://www.e-stat.go.jp/stat-search/file-download?statInfId=000040247952&fileKind=4,2025-03-17
JP-NAT,0,National,全国,JP,,Carpenters,,detailed,330.5,thousand_yen_per_month,JPY,contractual_cash_earnings,2024,,JP-NAT,JSOC_DETAILED,national,https://www.e-stat.go.jp/stat-search/file-download?statInfId=000040247952&fileKind=4,2025-03-17
JP-NAT,0,National,全国,JP,,Carpenters,,detailed,301.2,thousand_yen_per_month,JPY,scheduled_cash_earnings,2024,,JP-NAT,JSOC_DETAILED,national,https://www.e-stat.go.jp/stat-search/file-download?statInfId=000040247952&fileKind=4,2025-03-17
JP-NAT,0,National,全国,JP,,Carpenters,,detailed,520.8,thousand_yen_per_month,JPY,annual_special_cash_earnings,2024,,JP-NAT,JSOC_DETAILED,national,https://www.e-stat.go.jp/stat-search/file-download?statInfId=000040247952&fileKind=4,2025-03-17
JP-NAT,0,National,全国,JP,,Building cleaners,,detailed,222.4,thousand_yen_per_month,JPY,contractual_cash_earnings,2024,,JP-NAT,JSOC_DETAILED,national,https://www.e-stat.go.jp/stat-search/file-download?statInfId=000040247952&fileKind=4,2025-03-17
JP-NAT,0,National,全国,JP,,Building cleaners,,detailed,211.1,thousand_yen_per_month,JPY,scheduled_cash_earnings,2024,,JP-NAT,JSOC_DETAILED,national,https://www.e-stat.go.jp/stat-search/file-download?statInfId=000040247952&fileKind=4,2025-03-17
JP-NAT,0,National,全国,JP,,Building cleaners,,detailed,194.1,thousand_yen_per_month,JPY,annual_special_cash_earnings,2024,,JP-NAT,JSOC_DETAILED,national,https://www.e-stat.go.jp/stat-search/file-download?statInfId=000040247952&fileKind=4,2025-03-17
JP-NAT,0,National,全国,JP,,Aircraft pilots,,detailed,1268.4,thousand_yen_per_month,JPY,contractual_cash_earnings,2024,,JP-NAT,JSOC_DETAILED,national,https://www.e-stat.go.jp/stat-search/file-download?statInfId=000040247952&fileKind=4,2025-03-17
JP-NAT,0,National,全国,JP,,Aircraft pilots,,detailed,1217.7,thousand_yen_per_month,JPY,scheduled_cash_earnings,2024,,JP-NAT,JSOC_DETAILED,national,https://www.e-stat.go.jp/stat-search/file-download?statInfId=000040247952&fileKind=4,2025-03-17
JP-NAT,0,National,全国,JP,,Aircraft pilots,,detailed,1749.9,thousand_yen_per_month,JPY,annual_special_cash_earnings,2024,,JP-NAT,JSOC_DETAILED,national,https://www.e-stat.go.jp/stat-search/file-download?statInfId=000040247952&fileKind=4,2025-03-17
